--
-- PostgreSQL database dump
--

-- Dumped from database version 9.4.5
-- Dumped by pg_dump version 9.4.5
-- Started on 2017-10-19 10:22:39

SET statement_timeout = 0;
SET lock_timeout = 0;
SET client_encoding = 'SQL_ASCII';
SET standard_conforming_strings = on;
SET check_function_bodies = false;
SET client_min_messages = warning;

--
-- TOC entry 201 (class 3079 OID 11855)
-- Name: plpgsql; Type: EXTENSION; Schema: -; Owner: 
--

CREATE EXTENSION IF NOT EXISTS plpgsql WITH SCHEMA pg_catalog;


--
-- TOC entry 2185 (class 0 OID 0)
-- Dependencies: 201
-- Name: EXTENSION plpgsql; Type: COMMENT; Schema: -; Owner: 
--

COMMENT ON EXTENSION plpgsql IS 'PL/pgSQL procedural language';


SET search_path = public, pg_catalog;

SET default_tablespace = '';

SET default_with_oids = false;

--
-- TOC entry 191 (class 1259 OID 18356)
-- Name: administration; Type: TABLE; Schema: public; Owner: postgres; Tablespace: 
--

CREATE TABLE administration (
    id integer NOT NULL,
    nom character varying(50),
    prenom character varying(50),
    datenaissance date,
    email text,
    motpasse character varying(40)
);


ALTER TABLE administration OWNER TO postgres;

--
-- TOC entry 190 (class 1259 OID 18354)
-- Name: administration_id_seq; Type: SEQUENCE; Schema: public; Owner: postgres
--

CREATE SEQUENCE administration_id_seq
    START WITH 1
    INCREMENT BY 1
    NO MINVALUE
    NO MAXVALUE
    CACHE 1;


ALTER TABLE administration_id_seq OWNER TO postgres;

--
-- TOC entry 2186 (class 0 OID 0)
-- Dependencies: 190
-- Name: administration_id_seq; Type: SEQUENCE OWNED BY; Schema: public; Owner: postgres
--

ALTER SEQUENCE administration_id_seq OWNED BY administration.id;


--
-- TOC entry 179 (class 1259 OID 18178)
-- Name: agencepaiement; Type: TABLE; Schema: public; Owner: postgres; Tablespace: 
--

CREATE TABLE agencepaiement (
    id integer NOT NULL,
    nom character varying(20)
);


ALTER TABLE agencepaiement OWNER TO postgres;

--
-- TOC entry 178 (class 1259 OID 18176)
-- Name: agencepaiement_id_seq; Type: SEQUENCE; Schema: public; Owner: postgres
--

CREATE SEQUENCE agencepaiement_id_seq
    START WITH 1
    INCREMENT BY 1
    NO MINVALUE
    NO MAXVALUE
    CACHE 1;


ALTER TABLE agencepaiement_id_seq OWNER TO postgres;

--
-- TOC entry 2187 (class 0 OID 0)
-- Dependencies: 178
-- Name: agencepaiement_id_seq; Type: SEQUENCE OWNED BY; Schema: public; Owner: postgres
--

ALTER SEQUENCE agencepaiement_id_seq OWNED BY agencepaiement.id;


--
-- TOC entry 189 (class 1259 OID 18345)
-- Name: chargeprojet; Type: TABLE; Schema: public; Owner: postgres; Tablespace: 
--

CREATE TABLE chargeprojet (
    id integer NOT NULL,
    nom character varying(50),
    prenom character varying(50),
    email text,
    motpasse character varying(40),
    datenaissance date,
    pseudo character varying(5)
);


ALTER TABLE chargeprojet OWNER TO postgres;

--
-- TOC entry 188 (class 1259 OID 18343)
-- Name: chargeprojet_id_seq; Type: SEQUENCE; Schema: public; Owner: postgres
--

CREATE SEQUENCE chargeprojet_id_seq
    START WITH 1
    INCREMENT BY 1
    NO MINVALUE
    NO MAXVALUE
    CACHE 1;


ALTER TABLE chargeprojet_id_seq OWNER TO postgres;

--
-- TOC entry 2188 (class 0 OID 0)
-- Dependencies: 188
-- Name: chargeprojet_id_seq; Type: SEQUENCE OWNED BY; Schema: public; Owner: postgres
--

ALTER SEQUENCE chargeprojet_id_seq OWNED BY chargeprojet.id;


--
-- TOC entry 193 (class 1259 OID 18460)
-- Name: inscriptionchargeprojet; Type: TABLE; Schema: public; Owner: postgres; Tablespace: 
--

CREATE TABLE inscriptionchargeprojet (
    id integer NOT NULL,
    nom character varying(50),
    prenom character varying(50),
    datenaissance date,
    email text,
    pseudo character varying(5),
    motpasse character varying(40),
    denregistrement date,
    token character varying(40)
);


ALTER TABLE inscriptionchargeprojet OWNER TO postgres;

--
-- TOC entry 192 (class 1259 OID 18458)
-- Name: chargeprojetinscription_id_seq; Type: SEQUENCE; Schema: public; Owner: postgres
--

CREATE SEQUENCE chargeprojetinscription_id_seq
    START WITH 1
    INCREMENT BY 1
    NO MINVALUE
    NO MAXVALUE
    CACHE 1;


ALTER TABLE chargeprojetinscription_id_seq OWNER TO postgres;

--
-- TOC entry 2189 (class 0 OID 0)
-- Dependencies: 192
-- Name: chargeprojetinscription_id_seq; Type: SEQUENCE OWNED BY; Schema: public; Owner: postgres
--

ALTER SEQUENCE chargeprojetinscription_id_seq OWNED BY inscriptionchargeprojet.id;


--
-- TOC entry 196 (class 1259 OID 18554)
-- Name: ci_sessions; Type: TABLE; Schema: public; Owner: postgres; Tablespace: 
--

CREATE TABLE ci_sessions (
    id character varying(128) NOT NULL,
    ip_address character varying(45) NOT NULL,
    "timestamp" bigint DEFAULT 0 NOT NULL,
    data text DEFAULT ''::text NOT NULL
);


ALTER TABLE ci_sessions OWNER TO postgres;

--
-- TOC entry 175 (class 1259 OID 18162)
-- Name: dir; Type: TABLE; Schema: public; Owner: postgres; Tablespace: 
--

CREATE TABLE dir (
    id integer NOT NULL,
    nom character varying(5)
);


ALTER TABLE dir OWNER TO postgres;

--
-- TOC entry 174 (class 1259 OID 18160)
-- Name: dir_id_seq; Type: SEQUENCE; Schema: public; Owner: postgres
--

CREATE SEQUENCE dir_id_seq
    START WITH 1
    INCREMENT BY 1
    NO MINVALUE
    NO MAXVALUE
    CACHE 1;


ALTER TABLE dir_id_seq OWNER TO postgres;

--
-- TOC entry 2190 (class 0 OID 0)
-- Dependencies: 174
-- Name: dir_id_seq; Type: SEQUENCE OWNED BY; Schema: public; Owner: postgres
--

ALTER SEQUENCE dir_id_seq OWNED BY dir.id;


--
-- TOC entry 173 (class 1259 OID 18154)
-- Name: district; Type: TABLE; Schema: public; Owner: postgres; Tablespace: 
--

CREATE TABLE district (
    id integer NOT NULL,
    nom character varying(50)
);


ALTER TABLE district OWNER TO postgres;

--
-- TOC entry 172 (class 1259 OID 18152)
-- Name: district_id_seq; Type: SEQUENCE; Schema: public; Owner: postgres
--

CREATE SEQUENCE district_id_seq
    START WITH 1
    INCREMENT BY 1
    NO MINVALUE
    NO MAXVALUE
    CACHE 1;


ALTER TABLE district_id_seq OWNER TO postgres;

--
-- TOC entry 2191 (class 0 OID 0)
-- Dependencies: 172
-- Name: district_id_seq; Type: SEQUENCE OWNED BY; Schema: public; Owner: postgres
--

ALTER SEQUENCE district_id_seq OWNED BY district.id;


--
-- TOC entry 185 (class 1259 OID 18244)
-- Name: groupetravail; Type: TABLE; Schema: public; Owner: postgres; Tablespace: 
--

CREATE TABLE groupetravail (
    id integer NOT NULL,
    nom character varying(50),
    codechantier character varying(8),
    terroir_id integer
);


ALTER TABLE groupetravail OWNER TO postgres;

--
-- TOC entry 184 (class 1259 OID 18242)
-- Name: groupetravail_id_seq; Type: SEQUENCE; Schema: public; Owner: postgres
--

CREATE SEQUENCE groupetravail_id_seq
    START WITH 1
    INCREMENT BY 1
    NO MINVALUE
    NO MAXVALUE
    CACHE 1;


ALTER TABLE groupetravail_id_seq OWNER TO postgres;

--
-- TOC entry 2192 (class 0 OID 0)
-- Dependencies: 184
-- Name: groupetravail_id_seq; Type: SEQUENCE OWNED BY; Schema: public; Owner: postgres
--

ALTER SEQUENCE groupetravail_id_seq OWNED BY groupetravail.id;


--
-- TOC entry 198 (class 1259 OID 18580)
-- Name: intervention; Type: TABLE; Schema: public; Owner: postgres; Tablespace: 
--

CREATE TABLE intervention (
    id integer NOT NULL,
    dureetravaux smallint,
    dpdebut date,
    drdebut date,
    dprtx date,
    drrtx date,
    nbpbenef smallint,
    nbrbenef smallint,
    nbrbenefapte smallint,
    nbfemmebenefapte smallint,
    nbbenefinapte smallint,
    nbphommejourapte smallint,
    nbrhommejourapte smallint,
    psurftraiteeces numeric(5,3) DEFAULT 0,
    rsurftraiteeces numeric(5,3) DEFAULT 0,
    psurfboiseefsp numeric(5,3) DEFAULT 0,
    rsurfboiseefsp numeric(5,3) DEFAULT 0,
    libelleautreindic character varying(50),
    prevautreindic smallint,
    observationindic text,
    uniteautreindic integer,
    groupetravail_id integer,
    phase_id integer,
    rang smallint,
    realautreindic smallint,
    intitule_id integer,
    nbpaiement smallint
);


ALTER TABLE intervention OWNER TO postgres;

--
-- TOC entry 197 (class 1259 OID 18578)
-- Name: intervention_id_seq; Type: SEQUENCE; Schema: public; Owner: postgres
--

CREATE SEQUENCE intervention_id_seq
    START WITH 1
    INCREMENT BY 1
    NO MINVALUE
    NO MAXVALUE
    CACHE 1;


ALTER TABLE intervention_id_seq OWNER TO postgres;

--
-- TOC entry 2193 (class 0 OID 0)
-- Dependencies: 197
-- Name: intervention_id_seq; Type: SEQUENCE OWNED BY; Schema: public; Owner: postgres
--

ALTER SEQUENCE intervention_id_seq OWNED BY intervention.id;


--
-- TOC entry 195 (class 1259 OID 18513)
-- Name: intitule; Type: TABLE; Schema: public; Owner: postgres; Tablespace: 
--

CREATE TABLE intitule (
    id integer NOT NULL,
    nom character varying(100)
);


ALTER TABLE intitule OWNER TO postgres;

--
-- TOC entry 194 (class 1259 OID 18511)
-- Name: intitule_id_seq; Type: SEQUENCE; Schema: public; Owner: postgres
--

CREATE SEQUENCE intitule_id_seq
    START WITH 1
    INCREMENT BY 1
    NO MINVALUE
    NO MAXVALUE
    CACHE 1;


ALTER TABLE intitule_id_seq OWNER TO postgres;

--
-- TOC entry 2194 (class 0 OID 0)
-- Dependencies: 194
-- Name: intitule_id_seq; Type: SEQUENCE OWNED BY; Schema: public; Owner: postgres
--

ALTER SEQUENCE intitule_id_seq OWNED BY intitule.id;


--
-- TOC entry 200 (class 1259 OID 18620)
-- Name: paiement; Type: TABLE; Schema: public; Owner: postgres; Tablespace: 
--

CREATE TABLE paiement (
    id integer NOT NULL,
    dateprevue date,
    datereelle date,
    intervention_id integer,
    rang smallint
);


ALTER TABLE paiement OWNER TO postgres;

--
-- TOC entry 199 (class 1259 OID 18618)
-- Name: paiement_id_seq; Type: SEQUENCE; Schema: public; Owner: postgres
--

CREATE SEQUENCE paiement_id_seq
    START WITH 1
    INCREMENT BY 1
    NO MINVALUE
    NO MAXVALUE
    CACHE 1;


ALTER TABLE paiement_id_seq OWNER TO postgres;

--
-- TOC entry 2195 (class 0 OID 0)
-- Dependencies: 199
-- Name: paiement_id_seq; Type: SEQUENCE OWNED BY; Schema: public; Owner: postgres
--

ALTER SEQUENCE paiement_id_seq OWNED BY paiement.id;


--
-- TOC entry 187 (class 1259 OID 18287)
-- Name: phase; Type: TABLE; Schema: public; Owner: postgres; Tablespace: 
--

CREATE TABLE phase (
    id integer NOT NULL,
    valeur character varying(5)
);


ALTER TABLE phase OWNER TO postgres;

--
-- TOC entry 186 (class 1259 OID 18285)
-- Name: phase_id_seq; Type: SEQUENCE; Schema: public; Owner: postgres
--

CREATE SEQUENCE phase_id_seq
    START WITH 1
    INCREMENT BY 1
    NO MINVALUE
    NO MAXVALUE
    CACHE 1;


ALTER TABLE phase_id_seq OWNER TO postgres;

--
-- TOC entry 2196 (class 0 OID 0)
-- Dependencies: 186
-- Name: phase_id_seq; Type: SEQUENCE OWNED BY; Schema: public; Owner: postgres
--

ALTER SEQUENCE phase_id_seq OWNED BY phase.id;


--
-- TOC entry 177 (class 1259 OID 18170)
-- Name: prestataire; Type: TABLE; Schema: public; Owner: postgres; Tablespace: 
--

CREATE TABLE prestataire (
    id integer NOT NULL,
    nom character varying(50)
);


ALTER TABLE prestataire OWNER TO postgres;

--
-- TOC entry 176 (class 1259 OID 18168)
-- Name: prestataire_id_seq; Type: SEQUENCE; Schema: public; Owner: postgres
--

CREATE SEQUENCE prestataire_id_seq
    START WITH 1
    INCREMENT BY 1
    NO MINVALUE
    NO MAXVALUE
    CACHE 1;


ALTER TABLE prestataire_id_seq OWNER TO postgres;

--
-- TOC entry 2197 (class 0 OID 0)
-- Dependencies: 176
-- Name: prestataire_id_seq; Type: SEQUENCE OWNED BY; Schema: public; Owner: postgres
--

ALTER SEQUENCE prestataire_id_seq OWNED BY prestataire.id;


--
-- TOC entry 183 (class 1259 OID 18194)
-- Name: terroir; Type: TABLE; Schema: public; Owner: postgres; Tablespace: 
--

CREATE TABLE terroir (
    id integer NOT NULL,
    nom character varying(50),
    dir_id integer,
    district_id integer,
    nbsa smallint DEFAULT 0,
    dpengplan date,
    drengplan date,
    codemarcheplan character varying(10),
    dpfinplan date,
    drfinplan date,
    montantreelplan double precision,
    dpapprobpamo date,
    drapprobpamo date,
    montanttotalpamo double precision,
    dpengcible date,
    drengcible date,
    codemarchecible character varying(10),
    dpfincible date,
    drfincible date,
    montantreelcible double precision,
    dvalidcom date,
    dpengagec date,
    drengagec date,
    codemarcheagec character varying(10),
    dpfinagec date,
    drfinagec date,
    montanttotalagec double precision,
    montanttotalconfieagec double precision,
    codemarchepaie character varying(10),
    montantreelpaie double precision,
    prevsurftraiteeces double precision DEFAULT 0,
    realsurftraiteeces double precision DEFAULT 0,
    prevsurfreboiseefsp double precision DEFAULT 0,
    realsurfreboiseefsp double precision DEFAULT 0,
    libelleautreindic character varying(40),
    prevautreindic double precision DEFAULT 0,
    realautreindic double precision DEFAULT 0,
    observationindic text,
    prestataireagec_id integer,
    prestataireplan_id integer,
    prestatairecible_id integer,
    agencepaiement_id integer,
    cp_id integer
);


ALTER TABLE terroir OWNER TO postgres;

--
-- TOC entry 182 (class 1259 OID 18192)
-- Name: terroir_id_seq; Type: SEQUENCE; Schema: public; Owner: postgres
--

CREATE SEQUENCE terroir_id_seq
    START WITH 1
    INCREMENT BY 1
    NO MINVALUE
    NO MAXVALUE
    CACHE 1;


ALTER TABLE terroir_id_seq OWNER TO postgres;

--
-- TOC entry 2198 (class 0 OID 0)
-- Dependencies: 182
-- Name: terroir_id_seq; Type: SEQUENCE OWNED BY; Schema: public; Owner: postgres
--

ALTER SEQUENCE terroir_id_seq OWNED BY terroir.id;


--
-- TOC entry 181 (class 1259 OID 18186)
-- Name: unite; Type: TABLE; Schema: public; Owner: postgres; Tablespace: 
--

CREATE TABLE unite (
    id integer NOT NULL,
    valeur character varying(10)
);


ALTER TABLE unite OWNER TO postgres;

--
-- TOC entry 180 (class 1259 OID 18184)
-- Name: unite_id_seq; Type: SEQUENCE; Schema: public; Owner: postgres
--

CREATE SEQUENCE unite_id_seq
    START WITH 1
    INCREMENT BY 1
    NO MINVALUE
    NO MAXVALUE
    CACHE 1;


ALTER TABLE unite_id_seq OWNER TO postgres;

--
-- TOC entry 2199 (class 0 OID 0)
-- Dependencies: 180
-- Name: unite_id_seq; Type: SEQUENCE OWNED BY; Schema: public; Owner: postgres
--

ALTER SEQUENCE unite_id_seq OWNED BY unite.id;


--
-- TOC entry 1985 (class 2604 OID 18359)
-- Name: id; Type: DEFAULT; Schema: public; Owner: postgres
--

ALTER TABLE ONLY administration ALTER COLUMN id SET DEFAULT nextval('administration_id_seq'::regclass);


--
-- TOC entry 1972 (class 2604 OID 18181)
-- Name: id; Type: DEFAULT; Schema: public; Owner: postgres
--

ALTER TABLE ONLY agencepaiement ALTER COLUMN id SET DEFAULT nextval('agencepaiement_id_seq'::regclass);


--
-- TOC entry 1984 (class 2604 OID 18348)
-- Name: id; Type: DEFAULT; Schema: public; Owner: postgres
--

ALTER TABLE ONLY chargeprojet ALTER COLUMN id SET DEFAULT nextval('chargeprojet_id_seq'::regclass);


--
-- TOC entry 1970 (class 2604 OID 18165)
-- Name: id; Type: DEFAULT; Schema: public; Owner: postgres
--

ALTER TABLE ONLY dir ALTER COLUMN id SET DEFAULT nextval('dir_id_seq'::regclass);


--
-- TOC entry 1969 (class 2604 OID 18157)
-- Name: id; Type: DEFAULT; Schema: public; Owner: postgres
--

ALTER TABLE ONLY district ALTER COLUMN id SET DEFAULT nextval('district_id_seq'::regclass);


--
-- TOC entry 1982 (class 2604 OID 18247)
-- Name: id; Type: DEFAULT; Schema: public; Owner: postgres
--

ALTER TABLE ONLY groupetravail ALTER COLUMN id SET DEFAULT nextval('groupetravail_id_seq'::regclass);


--
-- TOC entry 1986 (class 2604 OID 18463)
-- Name: id; Type: DEFAULT; Schema: public; Owner: postgres
--

ALTER TABLE ONLY inscriptionchargeprojet ALTER COLUMN id SET DEFAULT nextval('chargeprojetinscription_id_seq'::regclass);


--
-- TOC entry 1990 (class 2604 OID 18583)
-- Name: id; Type: DEFAULT; Schema: public; Owner: postgres
--

ALTER TABLE ONLY intervention ALTER COLUMN id SET DEFAULT nextval('intervention_id_seq'::regclass);


--
-- TOC entry 1987 (class 2604 OID 18516)
-- Name: id; Type: DEFAULT; Schema: public; Owner: postgres
--

ALTER TABLE ONLY intitule ALTER COLUMN id SET DEFAULT nextval('intitule_id_seq'::regclass);


--
-- TOC entry 1995 (class 2604 OID 18623)
-- Name: id; Type: DEFAULT; Schema: public; Owner: postgres
--

ALTER TABLE ONLY paiement ALTER COLUMN id SET DEFAULT nextval('paiement_id_seq'::regclass);


--
-- TOC entry 1983 (class 2604 OID 18290)
-- Name: id; Type: DEFAULT; Schema: public; Owner: postgres
--

ALTER TABLE ONLY phase ALTER COLUMN id SET DEFAULT nextval('phase_id_seq'::regclass);


--
-- TOC entry 1971 (class 2604 OID 18173)
-- Name: id; Type: DEFAULT; Schema: public; Owner: postgres
--

ALTER TABLE ONLY prestataire ALTER COLUMN id SET DEFAULT nextval('prestataire_id_seq'::regclass);


--
-- TOC entry 1974 (class 2604 OID 18197)
-- Name: id; Type: DEFAULT; Schema: public; Owner: postgres
--

ALTER TABLE ONLY terroir ALTER COLUMN id SET DEFAULT nextval('terroir_id_seq'::regclass);


--
-- TOC entry 1973 (class 2604 OID 18189)
-- Name: id; Type: DEFAULT; Schema: public; Owner: postgres
--

ALTER TABLE ONLY unite ALTER COLUMN id SET DEFAULT nextval('unite_id_seq'::regclass);


--
-- TOC entry 2168 (class 0 OID 18356)
-- Dependencies: 191
-- Data for Name: administration; Type: TABLE DATA; Schema: public; Owner: postgres
--

INSERT INTO administration (id, nom, prenom, datenaissance, email, motpasse) VALUES (1, 'admin', 'admin', NULL, 'admin@gmail.com', 'b307e7fb6f92e1879f599c348eb931581d372079');


--
-- TOC entry 2200 (class 0 OID 0)
-- Dependencies: 190
-- Name: administration_id_seq; Type: SEQUENCE SET; Schema: public; Owner: postgres
--

SELECT pg_catalog.setval('administration_id_seq', 1, true);


--
-- TOC entry 2156 (class 0 OID 18178)
-- Dependencies: 179
-- Data for Name: agencepaiement; Type: TABLE DATA; Schema: public; Owner: postgres
--

INSERT INTO agencepaiement (id, nom) VALUES (2, 'ORANGE');
INSERT INTO agencepaiement (id, nom) VALUES (3, 'AIRTEL');
INSERT INTO agencepaiement (id, nom) VALUES (4, 'OTIV');
INSERT INTO agencepaiement (id, nom) VALUES (5, 'RIANTSOA');
INSERT INTO agencepaiement (id, nom) VALUES (6, 'SAF/FJKM');
INSERT INTO agencepaiement (id, nom) VALUES (7, 'IDEALY');
INSERT INTO agencepaiement (id, nom) VALUES (8, 'SOARAFITRA LOVATINA');


--
-- TOC entry 2201 (class 0 OID 0)
-- Dependencies: 178
-- Name: agencepaiement_id_seq; Type: SEQUENCE SET; Schema: public; Owner: postgres
--

SELECT pg_catalog.setval('agencepaiement_id_seq', 11, true);


--
-- TOC entry 2166 (class 0 OID 18345)
-- Dependencies: 189
-- Data for Name: chargeprojet; Type: TABLE DATA; Schema: public; Owner: postgres
--

INSERT INTO chargeprojet (id, nom, prenom, email, motpasse, datenaissance, pseudo) VALUES (8, NULL, 'Hery', 'hery@gmail.com', '1e49ead6a4939abbfbf724a49d9000fbabf1116a', NULL, 'HRY');
INSERT INTO chargeprojet (id, nom, prenom, email, motpasse, datenaissance, pseudo) VALUES (9, NULL, 'Johnny', 'johnny@gmail.com', '9dc7226a87062acbf9f614cdc26fcc847a47d3db', NULL, 'JNY');
INSERT INTO chargeprojet (id, nom, prenom, email, motpasse, datenaissance, pseudo) VALUES (10, NULL, 'Manambina', 'manambina@gmail.com', '3595246ab08611ba92d15886d6e1f8d311558207', NULL, 'MNB');
INSERT INTO chargeprojet (id, nom, prenom, email, motpasse, datenaissance, pseudo) VALUES (1, 'Razafindratsifa', 'Andy', 'andy@gmail.com', 'e3579b1e47f273529f0f929453e939a68ede9fd1', NULL, 'AND');
INSERT INTO chargeprojet (id, nom, prenom, email, motpasse, datenaissance, pseudo) VALUES (7, NULL, 'Fahendrena', 'fahendrena@gmail.com', 'ddd187702c4e7dc3a9bae09d01789a46d014e08a', NULL, 'FAH');
INSERT INTO chargeprojet (id, nom, prenom, email, motpasse, datenaissance, pseudo) VALUES (2, 'V.', 'Vahatra', 'vahatra@gmail.com', '81ba0b186c84b43c54bf9a809208794f9350507d', NULL, 'VAH');


--
-- TOC entry 2202 (class 0 OID 0)
-- Dependencies: 188
-- Name: chargeprojet_id_seq; Type: SEQUENCE SET; Schema: public; Owner: postgres
--

SELECT pg_catalog.setval('chargeprojet_id_seq', 10, true);


--
-- TOC entry 2203 (class 0 OID 0)
-- Dependencies: 192
-- Name: chargeprojetinscription_id_seq; Type: SEQUENCE SET; Schema: public; Owner: postgres
--

SELECT pg_catalog.setval('chargeprojetinscription_id_seq', 15, true);


--
-- TOC entry 2173 (class 0 OID 18554)
-- Dependencies: 196
-- Data for Name: ci_sessions; Type: TABLE DATA; Schema: public; Owner: postgres
--



--
-- TOC entry 2152 (class 0 OID 18162)
-- Dependencies: 175
-- Data for Name: dir; Type: TABLE DATA; Schema: public; Owner: postgres
--

INSERT INTO dir (id, nom) VALUES (1, 'DiRT');


--
-- TOC entry 2204 (class 0 OID 0)
-- Dependencies: 174
-- Name: dir_id_seq; Type: SEQUENCE SET; Schema: public; Owner: postgres
--

SELECT pg_catalog.setval('dir_id_seq', 1, true);


--
-- TOC entry 2150 (class 0 OID 18154)
-- Dependencies: 173
-- Data for Name: district; Type: TABLE DATA; Schema: public; Owner: postgres
--

INSERT INTO district (id, nom) VALUES (1, 'ANTANIFOTSY');


--
-- TOC entry 2205 (class 0 OID 0)
-- Dependencies: 172
-- Name: district_id_seq; Type: SEQUENCE SET; Schema: public; Owner: postgres
--

SELECT pg_catalog.setval('district_id_seq', 1, true);


--
-- TOC entry 2162 (class 0 OID 18244)
-- Dependencies: 185
-- Data for Name: groupetravail; Type: TABLE DATA; Schema: public; Owner: postgres
--

INSERT INTO groupetravail (id, nom, codechantier, terroir_id) VALUES (9, 'TSARATANANA', '1aT02A', 3);
INSERT INTO groupetravail (id, nom, codechantier, terroir_id) VALUES (10, 'SARODROA', '1aT02B', 3);
INSERT INTO groupetravail (id, nom, codechantier, terroir_id) VALUES (11, 'MASIMPIEFERANA', '1aT02C', 3);
INSERT INTO groupetravail (id, nom, codechantier, terroir_id) VALUES (13, 'SOAMANADRARINY', '1aT02A', 4);
INSERT INTO groupetravail (id, nom, codechantier, terroir_id) VALUES (14, 'ANKAZONDRANO-ANTANIKATSAKA', '1aT02B', 4);
INSERT INTO groupetravail (id, nom, codechantier, terroir_id) VALUES (15, 'AMBATOHARANANA', '1aT02A', 5);
INSERT INTO groupetravail (id, nom, codechantier, terroir_id) VALUES (16, 'AMBATOSIRA', '1aT02B', 5);
INSERT INTO groupetravail (id, nom, codechantier, terroir_id) VALUES (17, 'AMBATODIDY', '1aT02C', 5);
INSERT INTO groupetravail (id, nom, codechantier, terroir_id) VALUES (18, 'AMBATOLAMPIKELY - ANJAMANGA', '1aT02D', 5);
INSERT INTO groupetravail (id, nom, codechantier, terroir_id) VALUES (19, 'AMBOHITOMPOINA - ANDOHARANOFOTSY', '1aT02A', 6);
INSERT INTO groupetravail (id, nom, codechantier, terroir_id) VALUES (20, 'AMBOHITOMPOINA EST', '1aT02B', 6);
INSERT INTO groupetravail (id, nom, codechantier, terroir_id) VALUES (21, 'SAHANAMALONA BAS', '1aT02C', 6);
INSERT INTO groupetravail (id, nom, codechantier, terroir_id) VALUES (22, 'AMBOHIMANDROSO', '1aT02D', 6);
INSERT INTO groupetravail (id, nom, codechantier, terroir_id) VALUES (23, 'MORARANO EST', '1aT02A', 7);
INSERT INTO groupetravail (id, nom, codechantier, terroir_id) VALUES (24, 'ANDOHARIANA', '1aT02B', 7);
INSERT INTO groupetravail (id, nom, codechantier, terroir_id) VALUES (25, 'ANTANETILAVA- AMBATOLAHY', '1aT02C', 7);
INSERT INTO groupetravail (id, nom, codechantier, terroir_id) VALUES (26, 'MAHATSINJO', '1aT02D', 7);
INSERT INTO groupetravail (id, nom, codechantier, terroir_id) VALUES (27, 'ANTAMBOHOMENA - AMBOAVAHY', '1aT02A', 8);
INSERT INTO groupetravail (id, nom, codechantier, terroir_id) VALUES (28, 'ANKAZOAVO', '1aT02B', 8);
INSERT INTO groupetravail (id, nom, codechantier, terroir_id) VALUES (29, 'ANTAMBIAZINA', '1aT02C', 8);
INSERT INTO groupetravail (id, nom, codechantier, terroir_id) VALUES (30, 'ANALAMBANO - AMBATOMIADY', '1aT02A', 9);
INSERT INTO groupetravail (id, nom, codechantier, terroir_id) VALUES (34, 'AMPANGABE - IALATSARA', '1aT02B', 9);
INSERT INTO groupetravail (id, nom, codechantier, terroir_id) VALUES (35, 'TSARAHONENANA', '1aT02A', 10);
INSERT INTO groupetravail (id, nom, codechantier, terroir_id) VALUES (36, 'AMBATOASANA - AMBOAFOTSY - ANTOBY TSARAMANDROSO', '1aT02B', 10);
INSERT INTO groupetravail (id, nom, codechantier, terroir_id) VALUES (37, 'MAHATSINJO CENTRE', '1aT02C', 10);
INSERT INTO groupetravail (id, nom, codechantier, terroir_id) VALUES (38, 'AMBONIVARY - MORARANO', '1aT02D', 10);
INSERT INTO groupetravail (id, nom, codechantier, terroir_id) VALUES (39, 'AMBONIANDREFANA', '1aT02A', 11);
INSERT INTO groupetravail (id, nom, codechantier, terroir_id) VALUES (40, 'AMBOHIMANDROSO SUD', '1aT02B', 11);
INSERT INTO groupetravail (id, nom, codechantier, terroir_id) VALUES (41, 'MANANETIVOHITRA - AMBOHITSARABE', '1aT02C', 11);
INSERT INTO groupetravail (id, nom, codechantier, terroir_id) VALUES (42, 'MASOANDRO', '1aT02D', 11);
INSERT INTO groupetravail (id, nom, codechantier, terroir_id) VALUES (43, 'AMORONA - AMPITATAFIKA', '1aT02E', 11);
INSERT INTO groupetravail (id, nom, codechantier, terroir_id) VALUES (44, 'MAROMOKA FONENANTSOA - MAROMOKA BAS', '1aT02A', 12);
INSERT INTO groupetravail (id, nom, codechantier, terroir_id) VALUES (45, 'MAHAKETRAKA', '1aT02B', 12);
INSERT INTO groupetravail (id, nom, codechantier, terroir_id) VALUES (46, 'AMBOHIMANDROSO A - AMBOHIMANDROSO B', '1aT02C', 12);
INSERT INTO groupetravail (id, nom, codechantier, terroir_id) VALUES (47, 'AMBATONDRATSIRA - AMBATOTOKANA - ANOSIROA', '1aT02A', 13);
INSERT INTO groupetravail (id, nom, codechantier, terroir_id) VALUES (48, 'ANJAVIDY', '1aT02B', 13);
INSERT INTO groupetravail (id, nom, codechantier, terroir_id) VALUES (49, 'AMBOHIMALAZA', '1aT02C', 13);
INSERT INTO groupetravail (id, nom, codechantier, terroir_id) VALUES (50, 'MANOHISOA', '1aT02A', 14);
INSERT INTO groupetravail (id, nom, codechantier, terroir_id) VALUES (51, 'TSARAHONENANA - SOAFIRAISANA', '1aT02B', 14);
INSERT INTO groupetravail (id, nom, codechantier, terroir_id) VALUES (52, 'IBONGAMAHASOA - AMBOHIKAMBANA', '1aT02C', 14);
INSERT INTO groupetravail (id, nom, codechantier, terroir_id) VALUES (53, 'MAHATSINJO', '1aT02A', 15);
INSERT INTO groupetravail (id, nom, codechantier, terroir_id) VALUES (54, 'AMORONA', '1aT02B', 15);
INSERT INTO groupetravail (id, nom, codechantier, terroir_id) VALUES (55, 'AMBATOLAMPY - AMBOHIJANAKA', '1aT02A', 16);
INSERT INTO groupetravail (id, nom, codechantier, terroir_id) VALUES (56, 'ANTEMOTRA-AMBONIANDREFANA-BEMASOANDRO', '1aT02B', 16);
INSERT INTO groupetravail (id, nom, codechantier, terroir_id) VALUES (57, 'ANDREFANIALA - ANTANETY', '1aT02C', 16);
INSERT INTO groupetravail (id, nom, codechantier, terroir_id) VALUES (58, 'ANDRANOMALAZA-FIERENANA', '1aT02D', 16);
INSERT INTO groupetravail (id, nom, codechantier, terroir_id) VALUES (59, 'ANTANAMBAO', '1aT02A', 17);
INSERT INTO groupetravail (id, nom, codechantier, terroir_id) VALUES (60, 'ANDRIATSILAHY', '1aT02B', 17);
INSERT INTO groupetravail (id, nom, codechantier, terroir_id) VALUES (61, 'ANGAVO EST', '1aT02C', 17);
INSERT INTO groupetravail (id, nom, codechantier, terroir_id) VALUES (62, 'AMBATOMIANKINA NORD', '1aT02D', 17);
INSERT INTO groupetravail (id, nom, codechantier, terroir_id) VALUES (63, 'ANONDRILAHY - BEPAISO - AMBODIRIANA', '1aT02E', 17);
INSERT INTO groupetravail (id, nom, codechantier, terroir_id) VALUES (64, 'ANDOHAFARIHY', '1aT02A', 18);
INSERT INTO groupetravail (id, nom, codechantier, terroir_id) VALUES (65, 'ANDOHAVARY II', '1aT02B', 18);
INSERT INTO groupetravail (id, nom, codechantier, terroir_id) VALUES (66, 'MAHALAVOLONA', '1aT02C', 18);
INSERT INTO groupetravail (id, nom, codechantier, terroir_id) VALUES (67, 'MORARANO III', '1aT02D', 18);
INSERT INTO groupetravail (id, nom, codechantier, terroir_id) VALUES (68, 'ANTSAHAMAINA', '1aT02E', 18);
INSERT INTO groupetravail (id, nom, codechantier, terroir_id) VALUES (69, 'ANTANETY NORD - ANTOBINIARO', '1aT02F', 18);
INSERT INTO groupetravail (id, nom, codechantier, terroir_id) VALUES (2, 'AMBATOHARANANA', '1aT02B', 1);
INSERT INTO groupetravail (id, nom, codechantier, terroir_id) VALUES (3, 'AMBATOTOKANA', '1aT02C', 1);
INSERT INTO groupetravail (id, nom, codechantier, terroir_id) VALUES (4, 'AMBOHIMANDROSOKELY', '1aT02D', 1);
INSERT INTO groupetravail (id, nom, codechantier, terroir_id) VALUES (7, 'SAONJORANO - AMBATOBOKA', '1aT02B', 2);
INSERT INTO groupetravail (id, nom, codechantier, terroir_id) VALUES (1, 'BELANITRA - ANKADIVORY', '1aT02A', 1);
INSERT INTO groupetravail (id, nom, codechantier, terroir_id) VALUES (6, 'MANANETIVOHITRA - IANABORONA', '1aT02A', 2);
INSERT INTO groupetravail (id, nom, codechantier, terroir_id) VALUES (8, 'AMBILONA - ANTANETY', '1aT02C', 2);
INSERT INTO groupetravail (id, nom, codechantier, terroir_id) VALUES (12, 'MANANITRA - ANOSILEHIBE', '1aT02D', 3);
INSERT INTO groupetravail (id, nom, codechantier, terroir_id) VALUES (5, 'ANTAMIANA', '1aT02E', 1);


--
-- TOC entry 2206 (class 0 OID 0)
-- Dependencies: 184
-- Name: groupetravail_id_seq; Type: SEQUENCE SET; Schema: public; Owner: postgres
--

SELECT pg_catalog.setval('groupetravail_id_seq', 69, true);


--
-- TOC entry 2170 (class 0 OID 18460)
-- Dependencies: 193
-- Data for Name: inscriptionchargeprojet; Type: TABLE DATA; Schema: public; Owner: postgres
--



--
-- TOC entry 2175 (class 0 OID 18580)
-- Dependencies: 198
-- Data for Name: intervention; Type: TABLE DATA; Schema: public; Owner: postgres
--

INSERT INTO intervention (id, dureetravaux, dpdebut, drdebut, dprtx, drrtx, nbpbenef, nbrbenef, nbrbenefapte, nbfemmebenefapte, nbbenefinapte, nbphommejourapte, nbrhommejourapte, psurftraiteeces, rsurftraiteeces, psurfboiseefsp, rsurfboiseefsp, libelleautreindic, prevautreindic, observationindic, uniteautreindic, groupetravail_id, phase_id, rang, realautreindic, intitule_id, nbpaiement) VALUES (1, 40, '2017-04-03', '2017-03-30', '2017-07-31', '2017-05-25', 230, 89, 68, 38, 21, 8680, 2720, 5.220, 5.220, 0.000, 0.000, '', 0, '', 1, 1, 3, 1, 0, 2, NULL);
INSERT INTO intervention (id, dureetravaux, dpdebut, drdebut, dprtx, drrtx, nbpbenef, nbrbenef, nbrbenefapte, nbfemmebenefapte, nbbenefinapte, nbphommejourapte, nbrhommejourapte, psurftraiteeces, rsurftraiteeces, psurfboiseefsp, rsurfboiseefsp, libelleautreindic, prevautreindic, observationindic, uniteautreindic, groupetravail_id, phase_id, rang, realautreindic, intitule_id, nbpaiement) VALUES (3, 40, '2017-04-03', '2017-03-30', '2017-07-31', '2017-05-25', 182, 104, 87, 47, 17, 6600, 3480, 5.220, 5.220, 0.000, 0.000, '', 0, '', 1, 2, 3, 1, 0, 2, NULL);
INSERT INTO intervention (id, dureetravaux, dpdebut, drdebut, dprtx, drrtx, nbpbenef, nbrbenef, nbrbenefapte, nbfemmebenefapte, nbbenefinapte, nbphommejourapte, nbrhommejourapte, psurftraiteeces, rsurftraiteeces, psurfboiseefsp, rsurfboiseefsp, libelleautreindic, prevautreindic, observationindic, uniteautreindic, groupetravail_id, phase_id, rang, realautreindic, intitule_id, nbpaiement) VALUES (4, 40, '2017-07-17', '2017-07-20', '2017-09-11', NULL, 104, 0, 0, 0, 0, 0, 0, 0.000, 0.000, 0.000, 0.000, '', 0, '', 1, 2, 4, 2, 0, 2, NULL);
INSERT INTO intervention (id, dureetravaux, dpdebut, drdebut, dprtx, drrtx, nbpbenef, nbrbenef, nbrbenefapte, nbfemmebenefapte, nbbenefinapte, nbphommejourapte, nbrhommejourapte, psurftraiteeces, rsurftraiteeces, psurfboiseefsp, rsurfboiseefsp, libelleautreindic, prevautreindic, observationindic, uniteautreindic, groupetravail_id, phase_id, rang, realautreindic, intitule_id, nbpaiement) VALUES (5, 40, '2017-04-03', '2017-03-30', '2017-07-31', '2017-05-25', 83, 34, 29, 17, 5, 3120, 1169, 1.610, 1.610, 0.000, 0.000, '', 0, '', 1, 3, 3, 1, 0, 2, NULL);
INSERT INTO intervention (id, dureetravaux, dpdebut, drdebut, dprtx, drrtx, nbpbenef, nbrbenef, nbrbenefapte, nbfemmebenefapte, nbbenefinapte, nbphommejourapte, nbrhommejourapte, psurftraiteeces, rsurftraiteeces, psurfboiseefsp, rsurfboiseefsp, libelleautreindic, prevautreindic, observationindic, uniteautreindic, groupetravail_id, phase_id, rang, realautreindic, intitule_id, nbpaiement) VALUES (6, 40, '2017-07-17', '2017-07-20', '2017-09-11', NULL, 82, 0, 0, 0, 0, 0, 0, 0.000, 0.000, 0.000, 0.000, '', 0, '', 1, 3, 4, 2, 0, 2, NULL);
INSERT INTO intervention (id, dureetravaux, dpdebut, drdebut, dprtx, drrtx, nbpbenef, nbrbenef, nbrbenefapte, nbfemmebenefapte, nbbenefinapte, nbphommejourapte, nbrhommejourapte, psurftraiteeces, rsurftraiteeces, psurfboiseefsp, rsurfboiseefsp, libelleautreindic, prevautreindic, observationindic, uniteautreindic, groupetravail_id, phase_id, rang, realautreindic, intitule_id, nbpaiement) VALUES (7, 40, '2017-04-03', '2017-04-03', '2017-07-31', '2017-05-25', 46, 39, 29, 17, 10, 1440, 1160, 1.560, 1.560, 0.000, 0.000, '', 0, '', 1, 4, 3, 1, 0, 2, NULL);
INSERT INTO intervention (id, dureetravaux, dpdebut, drdebut, dprtx, drrtx, nbpbenef, nbrbenef, nbrbenefapte, nbfemmebenefapte, nbbenefinapte, nbphommejourapte, nbrhommejourapte, psurftraiteeces, rsurftraiteeces, psurfboiseefsp, rsurfboiseefsp, libelleautreindic, prevautreindic, observationindic, uniteautreindic, groupetravail_id, phase_id, rang, realautreindic, intitule_id, nbpaiement) VALUES (8, 40, '2017-07-17', '2017-07-20', NULL, NULL, 44, 0, 0, 0, 0, 0, 0, 0.000, 0.000, 0.000, 0.000, '', 0, '', 1, 4, 4, 2, 0, 2, NULL);
INSERT INTO intervention (id, dureetravaux, dpdebut, drdebut, dprtx, drrtx, nbpbenef, nbrbenef, nbrbenefapte, nbfemmebenefapte, nbbenefinapte, nbphommejourapte, nbrhommejourapte, psurftraiteeces, rsurftraiteeces, psurfboiseefsp, rsurfboiseefsp, libelleautreindic, prevautreindic, observationindic, uniteautreindic, groupetravail_id, phase_id, rang, realautreindic, intitule_id, nbpaiement) VALUES (9, 40, '2017-04-03', '2017-03-30', '2017-07-31', '2017-05-25', 217, 67, 54, 3, 13, 8200, 2160, 3.120, 3.120, 0.000, 0.000, '', 0, '', 1, 5, 3, 1, 0, 8, NULL);
INSERT INTO intervention (id, dureetravaux, dpdebut, drdebut, dprtx, drrtx, nbpbenef, nbrbenef, nbrbenefapte, nbfemmebenefapte, nbbenefinapte, nbphommejourapte, nbrhommejourapte, psurftraiteeces, rsurftraiteeces, psurfboiseefsp, rsurfboiseefsp, libelleautreindic, prevautreindic, observationindic, uniteautreindic, groupetravail_id, phase_id, rang, realautreindic, intitule_id, nbpaiement) VALUES (11, 40, '2017-07-17', '2017-07-20', '2017-09-11', NULL, 86, 0, 0, 0, 0, 0, 0, 0.000, 0.000, 0.000, 0.000, '', 0, '', 1, 5, 4, 2, 0, 2, NULL);
INSERT INTO intervention (id, dureetravaux, dpdebut, drdebut, dprtx, drrtx, nbpbenef, nbrbenef, nbrbenefapte, nbfemmebenefapte, nbbenefinapte, nbphommejourapte, nbrhommejourapte, psurftraiteeces, rsurftraiteeces, psurfboiseefsp, rsurfboiseefsp, libelleautreindic, prevautreindic, observationindic, uniteautreindic, groupetravail_id, phase_id, rang, realautreindic, intitule_id, nbpaiement) VALUES (12, 40, '2017-04-03', '2017-03-17', '2017-05-31', '2017-05-13', 285, 183, 145, 67, 38, 8680, 5800, 2.366, 0.975, 2.000, 2.360, '', 0, '', 1, 6, 3, 1, 0, 8, NULL);
INSERT INTO intervention (id, dureetravaux, dpdebut, drdebut, dprtx, drrtx, nbpbenef, nbrbenef, nbrbenefapte, nbfemmebenefapte, nbbenefinapte, nbphommejourapte, nbrhommejourapte, psurftraiteeces, rsurftraiteeces, psurfboiseefsp, rsurfboiseefsp, libelleautreindic, prevautreindic, observationindic, uniteautreindic, groupetravail_id, phase_id, rang, realautreindic, intitule_id, nbpaiement) VALUES (36, 40, '2017-07-17', '2017-07-18', '0017-09-11', NULL, 84, 0, 0, 0, 0, 0, 0, 0.000, 0.000, 0.000, 0.000, '', 0, '', 1, 17, 4, 2, 0, 3, NULL);
INSERT INTO intervention (id, dureetravaux, dpdebut, drdebut, dprtx, drrtx, nbpbenef, nbrbenef, nbrbenefapte, nbfemmebenefapte, nbbenefinapte, nbphommejourapte, nbrhommejourapte, psurftraiteeces, rsurftraiteeces, psurfboiseefsp, rsurfboiseefsp, libelleautreindic, prevautreindic, observationindic, uniteautreindic, groupetravail_id, phase_id, rang, realautreindic, intitule_id, nbpaiement) VALUES (14, 40, '2017-04-03', '2017-03-17', '2017-05-31', '2017-05-13', 136, 90, 70, 60, 20, 4600, 2800, 2.039, 0.551, 1.000, 0.981, '', 0, '', 1, 7, 3, 1, 0, 8, NULL);
INSERT INTO intervention (id, dureetravaux, dpdebut, drdebut, dprtx, drrtx, nbpbenef, nbrbenef, nbrbenefapte, nbfemmebenefapte, nbbenefinapte, nbphommejourapte, nbrhommejourapte, psurftraiteeces, rsurftraiteeces, psurfboiseefsp, rsurfboiseefsp, libelleautreindic, prevautreindic, observationindic, uniteautreindic, groupetravail_id, phase_id, rang, realautreindic, intitule_id, nbpaiement) VALUES (16, 40, '2017-03-04', '2017-03-17', '2017-05-31', '2017-05-13', 126, 61, 49, 40, 12, 4560, 1960, 2.638, 2.400, 0.000, 0.000, '', 0, '', 1, 8, 3, 1, 0, 8, NULL);
INSERT INTO intervention (id, dureetravaux, dpdebut, drdebut, dprtx, drrtx, nbpbenef, nbrbenef, nbrbenefapte, nbfemmebenefapte, nbbenefinapte, nbphommejourapte, nbrhommejourapte, psurftraiteeces, rsurftraiteeces, psurfboiseefsp, rsurfboiseefsp, libelleautreindic, prevautreindic, observationindic, uniteautreindic, groupetravail_id, phase_id, rang, realautreindic, intitule_id, nbpaiement) VALUES (37, 40, '2017-04-03', '2017-03-24', '2017-08-18', '2017-05-17', 210, 50, 41, 8, 9, 6760, 1640, 0.000, 0.000, 0.000, 0.000, '', 0, '', 1, 18, 3, 1, 0, 2, NULL);
INSERT INTO intervention (id, dureetravaux, dpdebut, drdebut, dprtx, drrtx, nbpbenef, nbrbenef, nbrbenefapte, nbfemmebenefapte, nbbenefinapte, nbphommejourapte, nbrhommejourapte, psurftraiteeces, rsurftraiteeces, psurfboiseefsp, rsurfboiseefsp, libelleautreindic, prevautreindic, observationindic, uniteautreindic, groupetravail_id, phase_id, rang, realautreindic, intitule_id, nbpaiement) VALUES (18, 40, '2017-04-03', '2017-03-17', '2017-05-31', '2017-05-17', 87, 87, 71, 22, 16, 2840, 2840, 0.000, 0.000, 0.000, 0.000, '', 0, '', 1, 9, 3, 1, 0, 8, NULL);
INSERT INTO intervention (id, dureetravaux, dpdebut, drdebut, dprtx, drrtx, nbpbenef, nbrbenef, nbrbenefapte, nbfemmebenefapte, nbbenefinapte, nbphommejourapte, nbrhommejourapte, psurftraiteeces, rsurftraiteeces, psurfboiseefsp, rsurfboiseefsp, libelleautreindic, prevautreindic, observationindic, uniteautreindic, groupetravail_id, phase_id, rang, realautreindic, intitule_id, nbpaiement) VALUES (20, 40, '2017-07-17', '2017-07-19', '2017-09-11', NULL, 87, 0, 0, 0, 0, 0, 0, 0.000, 0.000, 0.000, 0.000, '', 0, '', 1, 9, 4, 2, 0, 2, NULL);
INSERT INTO intervention (id, dureetravaux, dpdebut, drdebut, dprtx, drrtx, nbpbenef, nbrbenef, nbrbenefapte, nbfemmebenefapte, nbbenefinapte, nbphommejourapte, nbrhommejourapte, psurftraiteeces, rsurftraiteeces, psurfboiseefsp, rsurfboiseefsp, libelleautreindic, prevautreindic, observationindic, uniteautreindic, groupetravail_id, phase_id, rang, realautreindic, intitule_id, nbpaiement) VALUES (17, 40, '2017-07-17', '2017-07-19', '2017-09-11', NULL, 86, 0, 0, 0, 0, 0, 0, 0.000, 0.000, 0.000, 0.000, '', 0, '', 1, 8, 4, 2, 0, 7, NULL);
INSERT INTO intervention (id, dureetravaux, dpdebut, drdebut, dprtx, drrtx, nbpbenef, nbrbenef, nbrbenefapte, nbfemmebenefapte, nbbenefinapte, nbphommejourapte, nbrhommejourapte, psurftraiteeces, rsurftraiteeces, psurfboiseefsp, rsurfboiseefsp, libelleautreindic, prevautreindic, observationindic, uniteautreindic, groupetravail_id, phase_id, rang, realautreindic, intitule_id, nbpaiement) VALUES (13, 40, '2017-07-17', '2017-07-19', '2017-09-11', NULL, 215, 0, 0, 0, 0, 0, 0, 0.000, 0.000, 0.000, 0.000, '', 0, '', 1, 6, 4, 2, 0, 7, NULL);
INSERT INTO intervention (id, dureetravaux, dpdebut, drdebut, dprtx, drrtx, nbpbenef, nbrbenef, nbrbenefapte, nbfemmebenefapte, nbbenefinapte, nbphommejourapte, nbrhommejourapte, psurftraiteeces, rsurftraiteeces, psurfboiseefsp, rsurfboiseefsp, libelleautreindic, prevautreindic, observationindic, uniteautreindic, groupetravail_id, phase_id, rang, realautreindic, intitule_id, nbpaiement) VALUES (15, 40, '2017-07-17', '2017-07-19', '2017-09-11', NULL, 90, 0, 0, 0, 0, 0, 0, 0.000, 0.000, 0.000, 0.000, '', 0, '', 1, 7, 4, 2, 0, 7, NULL);
INSERT INTO intervention (id, dureetravaux, dpdebut, drdebut, dprtx, drrtx, nbpbenef, nbrbenef, nbrbenefapte, nbfemmebenefapte, nbbenefinapte, nbphommejourapte, nbrhommejourapte, psurftraiteeces, rsurftraiteeces, psurfboiseefsp, rsurfboiseefsp, libelleautreindic, prevautreindic, observationindic, uniteautreindic, groupetravail_id, phase_id, rang, realautreindic, intitule_id, nbpaiement) VALUES (21, 40, '2017-04-03', '2017-03-17', '2017-05-31', '2017-05-17', 141, 141, 125, 35, 16, 5000, 5000, 0.000, 0.000, 0.000, 0.000, '', 0, '', 1, 10, 3, 1, 0, 8, NULL);
INSERT INTO intervention (id, dureetravaux, dpdebut, drdebut, dprtx, drrtx, nbpbenef, nbrbenef, nbrbenefapte, nbfemmebenefapte, nbbenefinapte, nbphommejourapte, nbrhommejourapte, psurftraiteeces, rsurftraiteeces, psurfboiseefsp, rsurfboiseefsp, libelleautreindic, prevautreindic, observationindic, uniteautreindic, groupetravail_id, phase_id, rang, realautreindic, intitule_id, nbpaiement) VALUES (22, 40, '2017-07-17', '2017-07-19', '2017-09-11', NULL, 164, 0, 0, 0, 0, 0, 0, 0.000, 0.000, 0.000, 0.000, '', 0, '', 1, 10, 4, 2, 0, 3, NULL);
INSERT INTO intervention (id, dureetravaux, dpdebut, drdebut, dprtx, drrtx, nbpbenef, nbrbenef, nbrbenefapte, nbfemmebenefapte, nbbenefinapte, nbphommejourapte, nbrhommejourapte, psurftraiteeces, rsurftraiteeces, psurfboiseefsp, rsurfboiseefsp, libelleautreindic, prevautreindic, observationindic, uniteautreindic, groupetravail_id, phase_id, rang, realautreindic, intitule_id, nbpaiement) VALUES (23, 40, '2017-04-03', '2017-03-17', '2017-05-31', '2017-05-17', 181, 181, 172, 43, 9, 6880, 6880, 0.000, 0.000, 0.000, 0.000, '', 0, '', 1, 11, 3, 1, 0, 8, NULL);
INSERT INTO intervention (id, dureetravaux, dpdebut, drdebut, dprtx, drrtx, nbpbenef, nbrbenef, nbrbenefapte, nbfemmebenefapte, nbbenefinapte, nbphommejourapte, nbrhommejourapte, psurftraiteeces, rsurftraiteeces, psurfboiseefsp, rsurfboiseefsp, libelleautreindic, prevautreindic, observationindic, uniteautreindic, groupetravail_id, phase_id, rang, realautreindic, intitule_id, nbpaiement) VALUES (24, 40, '2017-07-17', '2017-07-19', '2017-09-11', NULL, 202, 0, 0, 0, 0, 0, 0, 0.000, 0.000, 0.000, 0.000, '', 0, '', 1, 11, 4, 2, 0, 3, NULL);
INSERT INTO intervention (id, dureetravaux, dpdebut, drdebut, dprtx, drrtx, nbpbenef, nbrbenef, nbrbenefapte, nbfemmebenefapte, nbbenefinapte, nbphommejourapte, nbrhommejourapte, psurftraiteeces, rsurftraiteeces, psurfboiseefsp, rsurfboiseefsp, libelleautreindic, prevautreindic, observationindic, uniteautreindic, groupetravail_id, phase_id, rang, realautreindic, intitule_id, nbpaiement) VALUES (25, 40, '2017-04-03', '2017-03-21', '2017-05-31', '2017-05-17', 177, 177, 148, 55, 29, 5920, 5920, 0.000, 0.000, 0.000, 0.000, '', 0, '', 1, 12, 3, 1, 0, 8, NULL);
INSERT INTO intervention (id, dureetravaux, dpdebut, drdebut, dprtx, drrtx, nbpbenef, nbrbenef, nbrbenefapte, nbfemmebenefapte, nbbenefinapte, nbphommejourapte, nbrhommejourapte, psurftraiteeces, rsurftraiteeces, psurfboiseefsp, rsurfboiseefsp, libelleautreindic, prevautreindic, observationindic, uniteautreindic, groupetravail_id, phase_id, rang, realautreindic, intitule_id, nbpaiement) VALUES (26, 40, '2017-07-17', '2017-07-19', '2017-09-11', NULL, 205, 0, 0, 0, 0, 0, 0, 0.000, 0.000, 0.000, 0.000, '', 0, '', 1, 12, 4, 2, 0, 7, NULL);
INSERT INTO intervention (id, dureetravaux, dpdebut, drdebut, dprtx, drrtx, nbpbenef, nbrbenef, nbrbenefapte, nbfemmebenefapte, nbbenefinapte, nbphommejourapte, nbrhommejourapte, psurftraiteeces, rsurftraiteeces, psurfboiseefsp, rsurfboiseefsp, libelleautreindic, prevautreindic, observationindic, uniteautreindic, groupetravail_id, phase_id, rang, realautreindic, intitule_id, nbpaiement) VALUES (27, 40, '2017-04-03', '2017-03-21', '2017-06-09', '2017-05-16', 181, 32, 26, 7, 6, 7000, 1040, 2.600, 1.360, 0.880, 0.880, '', 0, '', 1, 13, 3, 1, 0, 1, NULL);
INSERT INTO intervention (id, dureetravaux, dpdebut, drdebut, dprtx, drrtx, nbpbenef, nbrbenef, nbrbenefapte, nbfemmebenefapte, nbbenefinapte, nbphommejourapte, nbrhommejourapte, psurftraiteeces, rsurftraiteeces, psurfboiseefsp, rsurfboiseefsp, libelleautreindic, prevautreindic, observationindic, uniteautreindic, groupetravail_id, phase_id, rang, realautreindic, intitule_id, nbpaiement) VALUES (28, 40, '2017-07-17', '2017-07-18', '2017-09-11', NULL, 45, 0, 0, 0, 0, 0, 0, 0.000, 0.000, 0.000, 0.000, '', 0, '', 1, 13, 4, 2, 0, 2, NULL);
INSERT INTO intervention (id, dureetravaux, dpdebut, drdebut, dprtx, drrtx, nbpbenef, nbrbenef, nbrbenefapte, nbfemmebenefapte, nbbenefinapte, nbphommejourapte, nbrhommejourapte, psurftraiteeces, rsurftraiteeces, psurfboiseefsp, rsurfboiseefsp, libelleautreindic, prevautreindic, observationindic, uniteautreindic, groupetravail_id, phase_id, rang, realautreindic, intitule_id, nbpaiement) VALUES (29, 40, '2017-04-03', '2017-03-21', '2017-06-09', '2017-05-16', 132, 49, 39, 10, 10, 4880, 1560, 2.600, 1.740, 1.000, 1.000, '', 0, '', 1, 14, 3, 1, 0, 1, NULL);
INSERT INTO intervention (id, dureetravaux, dpdebut, drdebut, dprtx, drrtx, nbpbenef, nbrbenef, nbrbenefapte, nbfemmebenefapte, nbbenefinapte, nbphommejourapte, nbrhommejourapte, psurftraiteeces, rsurftraiteeces, psurfboiseefsp, rsurfboiseefsp, libelleautreindic, prevautreindic, observationindic, uniteautreindic, groupetravail_id, phase_id, rang, realautreindic, intitule_id, nbpaiement) VALUES (30, 40, '2017-07-17', '2017-07-17', '2017-09-11', NULL, 152, 0, 0, 0, 0, 0, 0, 0.000, 0.000, 0.000, 0.000, '', 0, '', 1, 14, 4, 2, 0, 3, NULL);
INSERT INTO intervention (id, dureetravaux, dpdebut, drdebut, dprtx, drrtx, nbpbenef, nbrbenef, nbrbenefapte, nbfemmebenefapte, nbbenefinapte, nbphommejourapte, nbrhommejourapte, psurftraiteeces, rsurftraiteeces, psurfboiseefsp, rsurfboiseefsp, libelleautreindic, prevautreindic, observationindic, uniteautreindic, groupetravail_id, phase_id, rang, realautreindic, intitule_id, nbpaiement) VALUES (31, 40, '2017-04-03', '2017-03-23', '2017-08-18', '2017-05-17', 152, 72, 58, 29, 14, 5200, 2320, 0.000, 0.000, 0.000, 0.000, '', 0, '', 1, 15, 3, 1, 0, 8, NULL);
INSERT INTO intervention (id, dureetravaux, dpdebut, drdebut, dprtx, drrtx, nbpbenef, nbrbenef, nbrbenefapte, nbfemmebenefapte, nbbenefinapte, nbphommejourapte, nbrhommejourapte, psurftraiteeces, rsurftraiteeces, psurfboiseefsp, rsurfboiseefsp, libelleautreindic, prevautreindic, observationindic, uniteautreindic, groupetravail_id, phase_id, rang, realautreindic, intitule_id, nbpaiement) VALUES (32, 40, '2017-07-17', '2017-07-18', '2017-09-11', NULL, 89, 0, 0, 0, 0, 0, 0, 0.000, 0.000, 0.000, 0.000, '', 0, '', 1, 15, 4, 2, 0, 7, NULL);
INSERT INTO intervention (id, dureetravaux, dpdebut, drdebut, dprtx, drrtx, nbpbenef, nbrbenef, nbrbenefapte, nbfemmebenefapte, nbbenefinapte, nbphommejourapte, nbrhommejourapte, psurftraiteeces, rsurftraiteeces, psurfboiseefsp, rsurfboiseefsp, libelleautreindic, prevautreindic, observationindic, uniteautreindic, groupetravail_id, phase_id, rang, realautreindic, intitule_id, nbpaiement) VALUES (33, 40, '2017-04-03', '2017-03-24', '2017-08-18', '2017-05-17', 101, 73, 59, 22, 14, 2840, 2360, 0.000, 0.000, 0.000, 0.000, '', 0, '', 1, 16, 3, 1, 0, 8, NULL);
INSERT INTO intervention (id, dureetravaux, dpdebut, drdebut, dprtx, drrtx, nbpbenef, nbrbenef, nbrbenefapte, nbfemmebenefapte, nbbenefinapte, nbphommejourapte, nbrhommejourapte, psurftraiteeces, rsurftraiteeces, psurfboiseefsp, rsurfboiseefsp, libelleautreindic, prevautreindic, observationindic, uniteautreindic, groupetravail_id, phase_id, rang, realautreindic, intitule_id, nbpaiement) VALUES (34, 40, '2017-07-17', '2017-07-18', '2017-09-11', NULL, 82, 0, 0, 0, 0, 0, 0, 0.000, 0.000, 0.000, 0.000, '', 0, '', 1, 16, 4, 2, 0, 5, NULL);
INSERT INTO intervention (id, dureetravaux, dpdebut, drdebut, dprtx, drrtx, nbpbenef, nbrbenef, nbrbenefapte, nbfemmebenefapte, nbbenefinapte, nbphommejourapte, nbrhommejourapte, psurftraiteeces, rsurftraiteeces, psurfboiseefsp, rsurfboiseefsp, libelleautreindic, prevautreindic, observationindic, uniteautreindic, groupetravail_id, phase_id, rang, realautreindic, intitule_id, nbpaiement) VALUES (35, 40, '2017-04-03', '2017-03-24', '2017-08-18', '2017-05-17', 75, 45, 35, 13, 10, 2480, 1400, 0.000, 0.000, 0.000, 0.000, '', 0, '', 1, 17, 3, 1, 0, 8, NULL);
INSERT INTO intervention (id, dureetravaux, dpdebut, drdebut, dprtx, drrtx, nbpbenef, nbrbenef, nbrbenefapte, nbfemmebenefapte, nbbenefinapte, nbphommejourapte, nbrhommejourapte, psurftraiteeces, rsurftraiteeces, psurfboiseefsp, rsurfboiseefsp, libelleautreindic, prevautreindic, observationindic, uniteautreindic, groupetravail_id, phase_id, rang, realautreindic, intitule_id, nbpaiement) VALUES (38, 40, '2017-07-17', '2017-07-18', '2017-09-11', NULL, 83, 0, 0, 0, 0, 0, 0, 0.000, 0.000, 0.000, 0.000, '', 0, '', 1, 18, 4, 2, 0, 2, NULL);
INSERT INTO intervention (id, dureetravaux, dpdebut, drdebut, dprtx, drrtx, nbpbenef, nbrbenef, nbrbenefapte, nbfemmebenefapte, nbbenefinapte, nbphommejourapte, nbrhommejourapte, psurftraiteeces, rsurftraiteeces, psurfboiseefsp, rsurfboiseefsp, libelleautreindic, prevautreindic, observationindic, uniteautreindic, groupetravail_id, phase_id, rang, realautreindic, intitule_id, nbpaiement) VALUES (39, 40, '2017-07-18', '2017-05-01', '2017-06-30', '2017-06-24', 232, 122, 122, 51, 0, 8600, 4880, 5.650, 5.650, 0.000, 0.000, '', 0, '', 1, 19, 3, 1, 0, 2, NULL);
INSERT INTO intervention (id, dureetravaux, dpdebut, drdebut, dprtx, drrtx, nbpbenef, nbrbenef, nbrbenefapte, nbfemmebenefapte, nbbenefinapte, nbphommejourapte, nbrhommejourapte, psurftraiteeces, rsurftraiteeces, psurfboiseefsp, rsurfboiseefsp, libelleautreindic, prevautreindic, observationindic, uniteautreindic, groupetravail_id, phase_id, rang, realautreindic, intitule_id, nbpaiement) VALUES (40, 40, '2017-07-17', '2017-07-20', '2017-09-11', NULL, 122, 0, 0, 0, 0, 0, 0, 0.000, 0.000, 0.000, 0.000, '', 0, '', 1, 19, 4, 2, 0, 3, NULL);
INSERT INTO intervention (id, dureetravaux, dpdebut, drdebut, dprtx, drrtx, nbpbenef, nbrbenef, nbrbenefapte, nbfemmebenefapte, nbbenefinapte, nbphommejourapte, nbrhommejourapte, psurftraiteeces, rsurftraiteeces, psurfboiseefsp, rsurfboiseefsp, libelleautreindic, prevautreindic, observationindic, uniteautreindic, groupetravail_id, phase_id, rang, realautreindic, intitule_id, nbpaiement) VALUES (41, 40, '2017-04-18', '2017-05-01', '2017-06-30', '2017-06-24', 98, 48, 34, 15, 14, 3360, 1360, 1.830, 1.630, 0.000, 0.000, '', 0, '', 1, 20, 3, 1, 0, 2, NULL);
INSERT INTO intervention (id, dureetravaux, dpdebut, drdebut, dprtx, drrtx, nbpbenef, nbrbenef, nbrbenefapte, nbfemmebenefapte, nbbenefinapte, nbphommejourapte, nbrhommejourapte, psurftraiteeces, rsurftraiteeces, psurfboiseefsp, rsurfboiseefsp, libelleautreindic, prevautreindic, observationindic, uniteautreindic, groupetravail_id, phase_id, rang, realautreindic, intitule_id, nbpaiement) VALUES (42, 40, '2017-07-17', '2017-07-20', '2017-09-11', NULL, 76, 0, 0, 0, 0, 0, 0, 0.000, 0.000, 0.000, 0.000, '', 0, '', 1, 20, 4, 2, 0, 2, NULL);
INSERT INTO intervention (id, dureetravaux, dpdebut, drdebut, dprtx, drrtx, nbpbenef, nbrbenef, nbrbenefapte, nbfemmebenefapte, nbbenefinapte, nbphommejourapte, nbrhommejourapte, psurftraiteeces, rsurftraiteeces, psurfboiseefsp, rsurfboiseefsp, libelleautreindic, prevautreindic, observationindic, uniteautreindic, groupetravail_id, phase_id, rang, realautreindic, intitule_id, nbpaiement) VALUES (43, 40, '2017-04-18', '2017-05-01', '2017-06-30', '2017-06-24', 75, 38, 36, 12, 2, 2560, 1440, 1.450, 1.450, 0.000, 0.000, '', 0, '', 1, 21, 3, 1, 0, 2, NULL);
INSERT INTO intervention (id, dureetravaux, dpdebut, drdebut, dprtx, drrtx, nbpbenef, nbrbenef, nbrbenefapte, nbfemmebenefapte, nbbenefinapte, nbphommejourapte, nbrhommejourapte, psurftraiteeces, rsurftraiteeces, psurfboiseefsp, rsurfboiseefsp, libelleautreindic, prevautreindic, observationindic, uniteautreindic, groupetravail_id, phase_id, rang, realautreindic, intitule_id, nbpaiement) VALUES (44, 40, '2017-07-17', '2017-07-20', '2017-09-11', NULL, 38, 0, 0, 0, 0, 0, 0, 0.000, 0.000, 0.000, 0.000, '', 0, '', 1, 21, 4, 2, 0, 2, NULL);
INSERT INTO intervention (id, dureetravaux, dpdebut, drdebut, dprtx, drrtx, nbpbenef, nbrbenef, nbrbenefapte, nbfemmebenefapte, nbbenefinapte, nbphommejourapte, nbrhommejourapte, psurftraiteeces, rsurftraiteeces, psurfboiseefsp, rsurfboiseefsp, libelleautreindic, prevautreindic, observationindic, uniteautreindic, groupetravail_id, phase_id, rang, realautreindic, intitule_id, nbpaiement) VALUES (45, 40, '2017-04-18', '2017-05-01', '2017-06-30', '2017-06-24', 118, 83, 45, 11, 38, 3640, 1800, 3.010, 3.014, 0.000, 0.000, '', 0, '', 1, 22, 3, 1, 0, 2, NULL);
INSERT INTO intervention (id, dureetravaux, dpdebut, drdebut, dprtx, drrtx, nbpbenef, nbrbenef, nbrbenefapte, nbfemmebenefapte, nbbenefinapte, nbphommejourapte, nbrhommejourapte, psurftraiteeces, rsurftraiteeces, psurfboiseefsp, rsurfboiseefsp, libelleautreindic, prevautreindic, observationindic, uniteautreindic, groupetravail_id, phase_id, rang, realautreindic, intitule_id, nbpaiement) VALUES (46, 40, '2017-07-17', '2017-07-20', '2017-09-11', NULL, 83, 0, 0, 0, 0, 0, 0, 0.000, 0.000, 0.000, 0.000, '', 0, '', 1, 22, 4, 2, 0, 4, NULL);
INSERT INTO intervention (id, dureetravaux, dpdebut, drdebut, dprtx, drrtx, nbpbenef, nbrbenef, nbrbenefapte, nbfemmebenefapte, nbbenefinapte, nbphommejourapte, nbrhommejourapte, psurftraiteeces, rsurftraiteeces, psurfboiseefsp, rsurfboiseefsp, libelleautreindic, prevautreindic, observationindic, uniteautreindic, groupetravail_id, phase_id, rang, realautreindic, intitule_id, nbpaiement) VALUES (47, 40, '2017-04-03', '2017-03-21', '2017-05-16', '2017-05-13', 83, 34, 26, 13, 8, 2960, 1040, 0.000, 0.000, 0.000, 0.000, '', 0, '', 1, 23, 3, 1, 0, 2, NULL);
INSERT INTO intervention (id, dureetravaux, dpdebut, drdebut, dprtx, drrtx, nbpbenef, nbrbenef, nbrbenefapte, nbfemmebenefapte, nbbenefinapte, nbphommejourapte, nbrhommejourapte, psurftraiteeces, rsurftraiteeces, psurfboiseefsp, rsurfboiseefsp, libelleautreindic, prevautreindic, observationindic, uniteautreindic, groupetravail_id, phase_id, rang, realautreindic, intitule_id, nbpaiement) VALUES (48, 40, '2017-07-17', '2017-07-18', '2017-09-11', NULL, 54, 0, 0, 0, 0, 0, 0, 0.000, 0.000, 0.000, 0.000, '', 0, '', 1, 23, 4, 2, 0, 3, NULL);
INSERT INTO intervention (id, dureetravaux, dpdebut, drdebut, dprtx, drrtx, nbpbenef, nbrbenef, nbrbenefapte, nbfemmebenefapte, nbbenefinapte, nbphommejourapte, nbrhommejourapte, psurftraiteeces, rsurftraiteeces, psurfboiseefsp, rsurfboiseefsp, libelleautreindic, prevautreindic, observationindic, uniteautreindic, groupetravail_id, phase_id, rang, realautreindic, intitule_id, nbpaiement) VALUES (49, 40, '2017-04-03', '2017-03-21', '2017-05-16', '2017-05-13', 101, 31, 27, 8, 4, 3880, 1080, 0.000, 0.000, 0.000, 0.000, '', 0, '', 1, 24, 3, 1, 0, 8, NULL);
INSERT INTO intervention (id, dureetravaux, dpdebut, drdebut, dprtx, drrtx, nbpbenef, nbrbenef, nbrbenefapte, nbfemmebenefapte, nbbenefinapte, nbphommejourapte, nbrhommejourapte, psurftraiteeces, rsurftraiteeces, psurfboiseefsp, rsurfboiseefsp, libelleautreindic, prevautreindic, observationindic, uniteautreindic, groupetravail_id, phase_id, rang, realautreindic, intitule_id, nbpaiement) VALUES (50, 40, '2017-07-17', '2017-07-18', '2017-09-11', NULL, 37, 0, 0, 0, 0, 0, 0, 0.000, 0.000, 0.000, 0.000, '', 0, '', 1, 24, 4, 2, 0, 7, NULL);
INSERT INTO intervention (id, dureetravaux, dpdebut, drdebut, dprtx, drrtx, nbpbenef, nbrbenef, nbrbenefapte, nbfemmebenefapte, nbbenefinapte, nbphommejourapte, nbrhommejourapte, psurftraiteeces, rsurftraiteeces, psurfboiseefsp, rsurfboiseefsp, libelleautreindic, prevautreindic, observationindic, uniteautreindic, groupetravail_id, phase_id, rang, realautreindic, intitule_id, nbpaiement) VALUES (51, 40, '2017-04-03', '2017-03-21', '2017-05-16', '2017-05-13', 272, 105, 82, 20, 23, 9480, 3280, 0.000, 0.000, 0.000, 0.000, '', 0, '', 1, 25, 3, 1, 0, 2, NULL);
INSERT INTO intervention (id, dureetravaux, dpdebut, drdebut, dprtx, drrtx, nbpbenef, nbrbenef, nbrbenefapte, nbfemmebenefapte, nbbenefinapte, nbphommejourapte, nbrhommejourapte, psurftraiteeces, rsurftraiteeces, psurfboiseefsp, rsurfboiseefsp, libelleautreindic, prevautreindic, observationindic, uniteautreindic, groupetravail_id, phase_id, rang, realautreindic, intitule_id, nbpaiement) VALUES (52, 40, '2017-07-17', '2017-07-18', '2017-09-11', NULL, 145, 0, 0, 0, 0, 0, 0, 0.000, 0.000, 0.000, 0.000, '', 0, '', 1, 25, 4, 2, 0, 2, NULL);
INSERT INTO intervention (id, dureetravaux, dpdebut, drdebut, dprtx, drrtx, nbpbenef, nbrbenef, nbrbenefapte, nbfemmebenefapte, nbbenefinapte, nbphommejourapte, nbrhommejourapte, psurftraiteeces, rsurftraiteeces, psurfboiseefsp, rsurfboiseefsp, libelleautreindic, prevautreindic, observationindic, uniteautreindic, groupetravail_id, phase_id, rang, realautreindic, intitule_id, nbpaiement) VALUES (53, 40, '2017-04-03', '2017-03-21', '2017-05-16', '2017-05-13', 190, 156, 126, 30, 30, 6080, 5040, 0.000, 0.000, 0.000, 0.000, '', 0, '', 1, 26, 3, 1, 0, 8, NULL);
INSERT INTO intervention (id, dureetravaux, dpdebut, drdebut, dprtx, drrtx, nbpbenef, nbrbenef, nbrbenefapte, nbfemmebenefapte, nbbenefinapte, nbphommejourapte, nbrhommejourapte, psurftraiteeces, rsurftraiteeces, psurfboiseefsp, rsurfboiseefsp, libelleautreindic, prevautreindic, observationindic, uniteautreindic, groupetravail_id, phase_id, rang, realautreindic, intitule_id, nbpaiement) VALUES (54, 40, '2017-07-17', '2017-07-18', '2017-09-11', NULL, 164, 0, 0, 0, 0, 0, 0, 0.000, 0.000, 0.000, 0.000, '', 0, '', 1, 26, 4, 2, 0, 2, NULL);
INSERT INTO intervention (id, dureetravaux, dpdebut, drdebut, dprtx, drrtx, nbpbenef, nbrbenef, nbrbenefapte, nbfemmebenefapte, nbbenefinapte, nbphommejourapte, nbrhommejourapte, psurftraiteeces, rsurftraiteeces, psurfboiseefsp, rsurfboiseefsp, libelleautreindic, prevautreindic, observationindic, uniteautreindic, groupetravail_id, phase_id, rang, realautreindic, intitule_id, nbpaiement) VALUES (55, 40, '2017-04-03', '2017-03-15', '2017-08-18', '2017-05-12', 197, 87, 69, 12, 18, 6560, 2760, 0.000, 0.000, 0.000, 0.000, '', 0, '', 1, 27, 3, 1, 0, 2, NULL);
INSERT INTO intervention (id, dureetravaux, dpdebut, drdebut, dprtx, drrtx, nbpbenef, nbrbenef, nbrbenefapte, nbfemmebenefapte, nbbenefinapte, nbphommejourapte, nbrhommejourapte, psurftraiteeces, rsurftraiteeces, psurfboiseefsp, rsurfboiseefsp, libelleautreindic, prevautreindic, observationindic, uniteautreindic, groupetravail_id, phase_id, rang, realautreindic, intitule_id, nbpaiement) VALUES (56, 40, '2017-07-17', '2017-07-18', '2017-09-11', NULL, 104, 0, 0, 0, 0, 0, 0, 0.000, 0.000, 0.000, 0.000, '', 0, '', 1, 27, 4, 2, 0, 4, NULL);
INSERT INTO intervention (id, dureetravaux, dpdebut, drdebut, dprtx, drrtx, nbpbenef, nbrbenef, nbrbenefapte, nbfemmebenefapte, nbbenefinapte, nbphommejourapte, nbrhommejourapte, psurftraiteeces, rsurftraiteeces, psurfboiseefsp, rsurfboiseefsp, libelleautreindic, prevautreindic, observationindic, uniteautreindic, groupetravail_id, phase_id, rang, realautreindic, intitule_id, nbpaiement) VALUES (57, 40, '2017-04-03', '2017-03-15', '2017-08-18', '2017-05-12', 194, 44, 35, 6, 9, 6880, 1400, 0.000, 0.000, 0.000, 0.000, '', 0, '', 1, 28, 3, 1, 0, 2, NULL);
INSERT INTO intervention (id, dureetravaux, dpdebut, drdebut, dprtx, drrtx, nbpbenef, nbrbenef, nbrbenefapte, nbfemmebenefapte, nbbenefinapte, nbphommejourapte, nbrhommejourapte, psurftraiteeces, rsurftraiteeces, psurfboiseefsp, rsurfboiseefsp, libelleautreindic, prevautreindic, observationindic, uniteautreindic, groupetravail_id, phase_id, rang, realautreindic, intitule_id, nbpaiement) VALUES (58, 40, '2017-07-17', '2017-07-18', '2017-09-11', NULL, 69, 0, 0, 0, 0, 0, 0, 0.000, 0.000, 0.000, 0.000, '', 0, '', 1, 28, 4, 2, 0, 4, NULL);
INSERT INTO intervention (id, dureetravaux, dpdebut, drdebut, dprtx, drrtx, nbpbenef, nbrbenef, nbrbenefapte, nbfemmebenefapte, nbbenefinapte, nbphommejourapte, nbrhommejourapte, psurftraiteeces, rsurftraiteeces, psurfboiseefsp, rsurfboiseefsp, libelleautreindic, prevautreindic, observationindic, uniteautreindic, groupetravail_id, phase_id, rang, realautreindic, intitule_id, nbpaiement) VALUES (59, 40, '2017-04-03', '2017-03-15', '2017-08-18', '2017-05-12', 105, 57, 47, 17, 10, 3760, 1880, 0.000, 0.000, 0.000, 0.000, '', 0, '', 1, 29, 3, 1, 0, 2, NULL);
INSERT INTO intervention (id, dureetravaux, dpdebut, drdebut, dprtx, drrtx, nbpbenef, nbrbenef, nbrbenefapte, nbfemmebenefapte, nbbenefinapte, nbphommejourapte, nbrhommejourapte, psurftraiteeces, rsurftraiteeces, psurfboiseefsp, rsurfboiseefsp, libelleautreindic, prevautreindic, observationindic, uniteautreindic, groupetravail_id, phase_id, rang, realautreindic, intitule_id, nbpaiement) VALUES (60, 40, '2017-07-17', '2017-07-18', '2017-09-11', NULL, 69, 0, 0, 0, 0, 0, 0, 0.000, 0.000, 0.000, 0.000, '', 0, '', 1, 29, 4, 2, 0, 4, NULL);
INSERT INTO intervention (id, dureetravaux, dpdebut, drdebut, dprtx, drrtx, nbpbenef, nbrbenef, nbrbenefapte, nbfemmebenefapte, nbbenefinapte, nbphommejourapte, nbrhommejourapte, psurftraiteeces, rsurftraiteeces, psurfboiseefsp, rsurfboiseefsp, libelleautreindic, prevautreindic, observationindic, uniteautreindic, groupetravail_id, phase_id, rang, realautreindic, intitule_id, nbpaiement) VALUES (61, 40, '2017-04-03', '2017-03-15', '2017-05-31', '2017-05-16', 307, 114, 87, 11, 27, 11200, 3480, 0.000, 0.000, 0.000, 0.000, '', 0, '', 1, 30, 3, 1, 0, 2, NULL);
INSERT INTO intervention (id, dureetravaux, dpdebut, drdebut, dprtx, drrtx, nbpbenef, nbrbenef, nbrbenefapte, nbfemmebenefapte, nbbenefinapte, nbphommejourapte, nbrhommejourapte, psurftraiteeces, rsurftraiteeces, psurfboiseefsp, rsurfboiseefsp, libelleautreindic, prevautreindic, observationindic, uniteautreindic, groupetravail_id, phase_id, rang, realautreindic, intitule_id, nbpaiement) VALUES (63, 40, '2017-07-17', '2017-07-18', '2017-09-11', NULL, 154, 0, 0, 0, 0, 0, 0, 0.000, 0.000, 0.000, 0.000, '', 0, '', 1, 30, 4, 2, 0, 4, NULL);
INSERT INTO intervention (id, dureetravaux, dpdebut, drdebut, dprtx, drrtx, nbpbenef, nbrbenef, nbrbenefapte, nbfemmebenefapte, nbbenefinapte, nbphommejourapte, nbrhommejourapte, psurftraiteeces, rsurftraiteeces, psurfboiseefsp, rsurfboiseefsp, libelleautreindic, prevautreindic, observationindic, uniteautreindic, groupetravail_id, phase_id, rang, realautreindic, intitule_id, nbpaiement) VALUES (64, 40, '2017-04-03', '2017-03-15', '2017-05-31', '2017-05-16', 162, 132, 110, 66, 22, 4360, 4400, 0.000, 0.000, 0.000, 0.000, '', 0, '', 1, 34, 3, 1, 0, 2, NULL);
INSERT INTO intervention (id, dureetravaux, dpdebut, drdebut, dprtx, drrtx, nbpbenef, nbrbenef, nbrbenefapte, nbfemmebenefapte, nbbenefinapte, nbphommejourapte, nbrhommejourapte, psurftraiteeces, rsurftraiteeces, psurfboiseefsp, rsurfboiseefsp, libelleautreindic, prevautreindic, observationindic, uniteautreindic, groupetravail_id, phase_id, rang, realautreindic, intitule_id, nbpaiement) VALUES (65, 40, '2017-07-17', '2017-07-18', '2017-09-11', NULL, 152, 0, 0, 0, 0, 0, 0, 0.000, 0.000, 0.000, 0.000, '', 0, '', 1, 34, 4, 2, 0, 4, NULL);
INSERT INTO intervention (id, dureetravaux, dpdebut, drdebut, dprtx, drrtx, nbpbenef, nbrbenef, nbrbenefapte, nbfemmebenefapte, nbbenefinapte, nbphommejourapte, nbrhommejourapte, psurftraiteeces, rsurftraiteeces, psurfboiseefsp, rsurfboiseefsp, libelleautreindic, prevautreindic, observationindic, uniteautreindic, groupetravail_id, phase_id, rang, realautreindic, intitule_id, nbpaiement) VALUES (66, 40, '2017-04-03', '2017-03-14', '2017-09-29', '2017-05-10', 186, 42, 32, 12, 10, 6440, 1280, 1.184, 0.500, 0.000, 0.000, '', 0, '', 1, 35, 3, 1, 0, 2, NULL);
INSERT INTO intervention (id, dureetravaux, dpdebut, drdebut, dprtx, drrtx, nbpbenef, nbrbenef, nbrbenefapte, nbfemmebenefapte, nbbenefinapte, nbphommejourapte, nbrhommejourapte, psurftraiteeces, rsurftraiteeces, psurfboiseefsp, rsurfboiseefsp, libelleautreindic, prevautreindic, observationindic, uniteautreindic, groupetravail_id, phase_id, rang, realautreindic, intitule_id, nbpaiement) VALUES (67, 40, '2017-07-17', '2017-07-20', '2017-09-11', NULL, 66, 0, 0, 0, 0, 0, 0, 0.000, 0.000, 0.000, 0.000, '', 0, '', 1, 35, 4, 2, 0, 6, NULL);
INSERT INTO intervention (id, dureetravaux, dpdebut, drdebut, dprtx, drrtx, nbpbenef, nbrbenef, nbrbenefapte, nbfemmebenefapte, nbbenefinapte, nbphommejourapte, nbrhommejourapte, psurftraiteeces, rsurftraiteeces, psurfboiseefsp, rsurfboiseefsp, libelleautreindic, prevautreindic, observationindic, uniteautreindic, groupetravail_id, phase_id, rang, realautreindic, intitule_id, nbpaiement) VALUES (68, 40, '2017-04-03', '2017-03-14', '2017-09-29', '2017-05-10', 416, 178, 139, 55, 39, 15160, 5560, 5.440, 5.440, 1.000, 1.000, '', 0, '', 1, 36, 3, 1, 0, 2, NULL);
INSERT INTO intervention (id, dureetravaux, dpdebut, drdebut, dprtx, drrtx, nbpbenef, nbrbenef, nbrbenefapte, nbfemmebenefapte, nbbenefinapte, nbphommejourapte, nbrhommejourapte, psurftraiteeces, rsurftraiteeces, psurfboiseefsp, rsurfboiseefsp, libelleautreindic, prevautreindic, observationindic, uniteautreindic, groupetravail_id, phase_id, rang, realautreindic, intitule_id, nbpaiement) VALUES (69, 40, '2017-07-17', '2017-07-20', '2017-09-11', NULL, 219, 0, 0, 0, 0, 0, 0, 0.000, 0.000, 0.000, 0.000, '', 0, '', 1, 36, 4, 2, 0, 6, NULL);
INSERT INTO intervention (id, dureetravaux, dpdebut, drdebut, dprtx, drrtx, nbpbenef, nbrbenef, nbrbenefapte, nbfemmebenefapte, nbbenefinapte, nbphommejourapte, nbrhommejourapte, psurftraiteeces, rsurftraiteeces, psurfboiseefsp, rsurfboiseefsp, libelleautreindic, prevautreindic, observationindic, uniteautreindic, groupetravail_id, phase_id, rang, realautreindic, intitule_id, nbpaiement) VALUES (70, 40, '2017-04-03', '2017-03-14', '2017-09-29', '2017-05-10', 102, 50, 39, 14, 11, 3600, 1560, 0.369, 0.150, 1.000, 1.000, '', 0, '', 1, 37, 3, 1, 0, 2, NULL);
INSERT INTO intervention (id, dureetravaux, dpdebut, drdebut, dprtx, drrtx, nbpbenef, nbrbenef, nbrbenefapte, nbfemmebenefapte, nbbenefinapte, nbphommejourapte, nbrhommejourapte, psurftraiteeces, rsurftraiteeces, psurfboiseefsp, rsurfboiseefsp, libelleautreindic, prevautreindic, observationindic, uniteautreindic, groupetravail_id, phase_id, rang, realautreindic, intitule_id, nbpaiement) VALUES (71, 40, '2017-07-17', '2017-07-20', '2017-09-11', NULL, 58, 0, 0, 0, 0, 0, 0, 0.000, 0.000, 0.000, 0.000, '', 0, '', 1, 37, 4, 2, 0, 6, NULL);
INSERT INTO intervention (id, dureetravaux, dpdebut, drdebut, dprtx, drrtx, nbpbenef, nbrbenef, nbrbenefapte, nbfemmebenefapte, nbbenefinapte, nbphommejourapte, nbrhommejourapte, psurftraiteeces, rsurftraiteeces, psurfboiseefsp, rsurfboiseefsp, libelleautreindic, prevautreindic, observationindic, uniteautreindic, groupetravail_id, phase_id, rang, realautreindic, intitule_id, nbpaiement) VALUES (2, 40, '2017-07-17', '2017-07-22', '2017-09-11', NULL, 141, 1, 0, 0, 0, 0, 0, 0.000, 0.000, 0.000, 0.000, '', 0, '', 1, 1, 4, 2, 0, 3, NULL);
INSERT INTO intervention (id, dureetravaux, dpdebut, drdebut, dprtx, drrtx, nbpbenef, nbrbenef, nbrbenefapte, nbfemmebenefapte, nbbenefinapte, nbphommejourapte, nbrhommejourapte, psurftraiteeces, rsurftraiteeces, psurfboiseefsp, rsurfboiseefsp, libelleautreindic, prevautreindic, observationindic, uniteautreindic, groupetravail_id, phase_id, rang, realautreindic, intitule_id, nbpaiement) VALUES (72, 40, '2017-04-03', '2017-03-14', '2017-03-29', '2017-05-10', 351, 207, 172, 96, 35, 12280, 6880, 7.096, 7.090, 1.000, 1.000, '', 0, '', 1, 38, 3, 1, 0, 2, NULL);
INSERT INTO intervention (id, dureetravaux, dpdebut, drdebut, dprtx, drrtx, nbpbenef, nbrbenef, nbrbenefapte, nbfemmebenefapte, nbbenefinapte, nbphommejourapte, nbrhommejourapte, psurftraiteeces, rsurftraiteeces, psurfboiseefsp, rsurfboiseefsp, libelleautreindic, prevautreindic, observationindic, uniteautreindic, groupetravail_id, phase_id, rang, realautreindic, intitule_id, nbpaiement) VALUES (73, 40, '2017-07-17', '2017-07-20', '2017-09-11', NULL, 285, 0, 0, 0, 0, 0, 0, 0.000, 0.000, 0.000, 0.000, '', 0, '', 1, 38, 4, 2, 0, 4, NULL);
INSERT INTO intervention (id, dureetravaux, dpdebut, drdebut, dprtx, drrtx, nbpbenef, nbrbenef, nbrbenefapte, nbfemmebenefapte, nbbenefinapte, nbphommejourapte, nbrhommejourapte, psurftraiteeces, rsurftraiteeces, psurfboiseefsp, rsurfboiseefsp, libelleautreindic, prevautreindic, observationindic, uniteautreindic, groupetravail_id, phase_id, rang, realautreindic, intitule_id, nbpaiement) VALUES (74, 40, '2017-05-02', '2017-04-18', '2017-06-23', '2017-06-16', 100, 48, 43, 20, 5, 3840, 1720, 0.000, 0.000, 0.000, 0.000, '', 0, '', 1, 39, 3, 1, 0, 2, NULL);
INSERT INTO intervention (id, dureetravaux, dpdebut, drdebut, dprtx, drrtx, nbpbenef, nbrbenef, nbrbenefapte, nbfemmebenefapte, nbbenefinapte, nbphommejourapte, nbrhommejourapte, psurftraiteeces, rsurftraiteeces, psurfboiseefsp, rsurfboiseefsp, libelleautreindic, prevautreindic, observationindic, uniteautreindic, groupetravail_id, phase_id, rang, realautreindic, intitule_id, nbpaiement) VALUES (75, 40, '2017-07-17', '2017-07-17', '2017-09-11', NULL, 48, 0, 0, 0, 0, 0, 0, 0.000, 0.000, 0.000, 0.000, '', 0, '', 1, 39, 4, 2, 0, 7, NULL);
INSERT INTO intervention (id, dureetravaux, dpdebut, drdebut, dprtx, drrtx, nbpbenef, nbrbenef, nbrbenefapte, nbfemmebenefapte, nbbenefinapte, nbphommejourapte, nbrhommejourapte, psurftraiteeces, rsurftraiteeces, psurfboiseefsp, rsurfboiseefsp, libelleautreindic, prevautreindic, observationindic, uniteautreindic, groupetravail_id, phase_id, rang, realautreindic, intitule_id, nbpaiement) VALUES (76, 40, '2017-05-02', '2017-04-18', '2017-06-23', '2017-06-16', 127, 63, 49, 40, 14, 4240, 1960, 0.000, 0.000, 0.000, 0.000, '', 0, '', 1, 40, 3, 1, 0, 2, NULL);
INSERT INTO intervention (id, dureetravaux, dpdebut, drdebut, dprtx, drrtx, nbpbenef, nbrbenef, nbrbenefapte, nbfemmebenefapte, nbbenefinapte, nbphommejourapte, nbrhommejourapte, psurftraiteeces, rsurftraiteeces, psurfboiseefsp, rsurfboiseefsp, libelleautreindic, prevautreindic, observationindic, uniteautreindic, groupetravail_id, phase_id, rang, realautreindic, intitule_id, nbpaiement) VALUES (77, 40, '2017-07-17', '2017-07-17', '2017-09-11', NULL, 63, 0, 0, 0, 0, 0, 0, 0.000, 0.000, 0.000, 0.000, '', 0, '', 1, 40, 4, 2, 0, 7, NULL);
INSERT INTO intervention (id, dureetravaux, dpdebut, drdebut, dprtx, drrtx, nbpbenef, nbrbenef, nbrbenefapte, nbfemmebenefapte, nbbenefinapte, nbphommejourapte, nbrhommejourapte, psurftraiteeces, rsurftraiteeces, psurfboiseefsp, rsurfboiseefsp, libelleautreindic, prevautreindic, observationindic, uniteautreindic, groupetravail_id, phase_id, rang, realautreindic, intitule_id, nbpaiement) VALUES (78, 40, '2017-05-02', '2017-04-18', '2017-06-23', '2017-06-16', 165, 98, 72, 70, 26, 5080, 2880, 0.000, 0.000, 0.000, 0.000, '', 0, '', 1, 41, 3, 1, 0, 2, NULL);
INSERT INTO intervention (id, dureetravaux, dpdebut, drdebut, dprtx, drrtx, nbpbenef, nbrbenef, nbrbenefapte, nbfemmebenefapte, nbbenefinapte, nbphommejourapte, nbrhommejourapte, psurftraiteeces, rsurftraiteeces, psurfboiseefsp, rsurfboiseefsp, libelleautreindic, prevautreindic, observationindic, uniteautreindic, groupetravail_id, phase_id, rang, realautreindic, intitule_id, nbpaiement) VALUES (79, 40, '2017-07-17', '2017-07-17', '2017-09-11', NULL, 98, 0, 0, 0, 0, 0, 0, 0.000, 0.000, 0.000, 0.000, '', 0, '', 1, 41, 4, 2, 0, 2, NULL);
INSERT INTO intervention (id, dureetravaux, dpdebut, drdebut, dprtx, drrtx, nbpbenef, nbrbenef, nbrbenefapte, nbfemmebenefapte, nbbenefinapte, nbphommejourapte, nbrhommejourapte, psurftraiteeces, rsurftraiteeces, psurfboiseefsp, rsurfboiseefsp, libelleautreindic, prevautreindic, observationindic, uniteautreindic, groupetravail_id, phase_id, rang, realautreindic, intitule_id, nbpaiement) VALUES (80, 40, '2017-05-02', '2017-04-18', '2017-06-23', '2017-06-16', 220, 120, 100, 45, 20, 7680, 4000, 0.000, 0.000, 0.000, 0.000, '', 0, '', 1, 42, 3, 1, 0, 2, NULL);
INSERT INTO intervention (id, dureetravaux, dpdebut, drdebut, dprtx, drrtx, nbpbenef, nbrbenef, nbrbenefapte, nbfemmebenefapte, nbbenefinapte, nbphommejourapte, nbrhommejourapte, psurftraiteeces, rsurftraiteeces, psurfboiseefsp, rsurfboiseefsp, libelleautreindic, prevautreindic, observationindic, uniteautreindic, groupetravail_id, phase_id, rang, realautreindic, intitule_id, nbpaiement) VALUES (106, 40, '2017-04-03', '2017-02-28', '2017-07-28', '2017-04-26', 62, 78, 60, 30, 18, 1840, 2400, 0.000, 0.000, 0.000, 0.000, '', 0, '', 1, 55, 3, 1, 0, 2, NULL);
INSERT INTO intervention (id, dureetravaux, dpdebut, drdebut, dprtx, drrtx, nbpbenef, nbrbenef, nbrbenefapte, nbfemmebenefapte, nbbenefinapte, nbphommejourapte, nbrhommejourapte, psurftraiteeces, rsurftraiteeces, psurfboiseefsp, rsurfboiseefsp, libelleautreindic, prevautreindic, observationindic, uniteautreindic, groupetravail_id, phase_id, rang, realautreindic, intitule_id, nbpaiement) VALUES (81, 40, '2017-07-17', '2017-07-17', '2017-09-11', NULL, 120, 0, 0, 0, 0, 0, 0, 0.000, 0.000, 0.000, 0.000, '', 0, '', 1, 42, 4, 2, 0, 7, NULL);
INSERT INTO intervention (id, dureetravaux, dpdebut, drdebut, dprtx, drrtx, nbpbenef, nbrbenef, nbrbenefapte, nbfemmebenefapte, nbbenefinapte, nbphommejourapte, nbrhommejourapte, psurftraiteeces, rsurftraiteeces, psurfboiseefsp, rsurfboiseefsp, libelleautreindic, prevautreindic, observationindic, uniteautreindic, groupetravail_id, phase_id, rang, realautreindic, intitule_id, nbpaiement) VALUES (82, 40, '2017-05-02', '2017-04-18', '2017-06-23', '2017-06-16', 150, 76, 61, 35, 15, 5440, 2440, 0.000, 0.000, 0.000, 0.000, '', 0, '', 1, 43, 3, 1, 0, 2, NULL);
INSERT INTO intervention (id, dureetravaux, dpdebut, drdebut, dprtx, drrtx, nbpbenef, nbrbenef, nbrbenefapte, nbfemmebenefapte, nbbenefinapte, nbphommejourapte, nbrhommejourapte, psurftraiteeces, rsurftraiteeces, psurfboiseefsp, rsurfboiseefsp, libelleautreindic, prevautreindic, observationindic, uniteautreindic, groupetravail_id, phase_id, rang, realautreindic, intitule_id, nbpaiement) VALUES (83, 40, '2017-07-17', '2017-07-17', '2017-09-11', NULL, 76, 0, 0, 0, 0, 0, 0, 0.000, 0.000, 0.000, 0.000, '', 0, '', 1, 43, 4, 2, 0, 7, NULL);
INSERT INTO intervention (id, dureetravaux, dpdebut, drdebut, dprtx, drrtx, nbpbenef, nbrbenef, nbrbenefapte, nbfemmebenefapte, nbbenefinapte, nbphommejourapte, nbrhommejourapte, psurftraiteeces, rsurftraiteeces, psurfboiseefsp, rsurfboiseefsp, libelleautreindic, prevautreindic, observationindic, uniteautreindic, groupetravail_id, phase_id, rang, realautreindic, intitule_id, nbpaiement) VALUES (84, 40, '2017-04-18', '2017-04-18', '2017-09-15', '2017-06-16', 174, 133, 123, 69, 10, 6560, 4920, 0.000, 0.000, 0.000, 0.000, '', 0, '', 1, 44, 3, 1, 0, 2, NULL);
INSERT INTO intervention (id, dureetravaux, dpdebut, drdebut, dprtx, drrtx, nbpbenef, nbrbenef, nbrbenefapte, nbfemmebenefapte, nbbenefinapte, nbphommejourapte, nbrhommejourapte, psurftraiteeces, rsurftraiteeces, psurfboiseefsp, rsurfboiseefsp, libelleautreindic, prevautreindic, observationindic, uniteautreindic, groupetravail_id, phase_id, rang, realautreindic, intitule_id, nbpaiement) VALUES (85, 40, '2017-07-17', '2017-07-17', '2017-09-11', NULL, 133, 0, 0, 0, 0, 0, 0, 5.560, 0.000, 0.000, 0.000, '', 0, '', 1, 44, 4, 2, 0, 7, NULL);
INSERT INTO intervention (id, dureetravaux, dpdebut, drdebut, dprtx, drrtx, nbpbenef, nbrbenef, nbrbenefapte, nbfemmebenefapte, nbbenefinapte, nbphommejourapte, nbrhommejourapte, psurftraiteeces, rsurftraiteeces, psurfboiseefsp, rsurfboiseefsp, libelleautreindic, prevautreindic, observationindic, uniteautreindic, groupetravail_id, phase_id, rang, realautreindic, intitule_id, nbpaiement) VALUES (86, 40, '2017-04-18', '2017-04-18', '2017-09-15', '2017-06-16', 123, 83, 68, 58, 15, 4400, 2720, 0.000, 0.000, 0.000, 0.000, '', 0, '', 1, 45, 3, 1, 0, 2, NULL);
INSERT INTO intervention (id, dureetravaux, dpdebut, drdebut, dprtx, drrtx, nbpbenef, nbrbenef, nbrbenefapte, nbfemmebenefapte, nbbenefinapte, nbphommejourapte, nbrhommejourapte, psurftraiteeces, rsurftraiteeces, psurfboiseefsp, rsurfboiseefsp, libelleautreindic, prevautreindic, observationindic, uniteautreindic, groupetravail_id, phase_id, rang, realautreindic, intitule_id, nbpaiement) VALUES (87, 40, '2017-07-17', '2017-07-17', '2017-09-11', NULL, 83, 0, 0, 0, 0, 0, 0, 0.000, 0.000, 0.000, 0.000, '', 0, '', 1, 45, 4, 2, 0, 7, NULL);
INSERT INTO intervention (id, dureetravaux, dpdebut, drdebut, dprtx, drrtx, nbpbenef, nbrbenef, nbrbenefapte, nbfemmebenefapte, nbbenefinapte, nbphommejourapte, nbrhommejourapte, psurftraiteeces, rsurftraiteeces, psurfboiseefsp, rsurfboiseefsp, libelleautreindic, prevautreindic, observationindic, uniteautreindic, groupetravail_id, phase_id, rang, realautreindic, intitule_id, nbpaiement) VALUES (88, 40, '2017-04-18', '2017-05-06', '2017-09-15', '2017-06-16', 335, 159, 135, 100, 24, 12760, 5400, 0.000, 0.000, 0.000, 0.000, '', 0, '', 1, 46, 3, 1, 0, 2, NULL);
INSERT INTO intervention (id, dureetravaux, dpdebut, drdebut, dprtx, drrtx, nbpbenef, nbrbenef, nbrbenefapte, nbfemmebenefapte, nbbenefinapte, nbphommejourapte, nbrhommejourapte, psurftraiteeces, rsurftraiteeces, psurfboiseefsp, rsurfboiseefsp, libelleautreindic, prevautreindic, observationindic, uniteautreindic, groupetravail_id, phase_id, rang, realautreindic, intitule_id, nbpaiement) VALUES (89, 40, '2017-07-17', '2017-07-17', '2017-09-11', NULL, 159, 0, 0, 0, 0, 0, 0, 6.500, 0.000, 0.000, 0.000, '', 0, '', 1, 46, 4, 2, 0, 7, NULL);
INSERT INTO intervention (id, dureetravaux, dpdebut, drdebut, dprtx, drrtx, nbpbenef, nbrbenef, nbrbenefapte, nbfemmebenefapte, nbbenefinapte, nbphommejourapte, nbrhommejourapte, psurftraiteeces, rsurftraiteeces, psurfboiseefsp, rsurfboiseefsp, libelleautreindic, prevautreindic, observationindic, uniteautreindic, groupetravail_id, phase_id, rang, realautreindic, intitule_id, nbpaiement) VALUES (90, 40, '2017-04-18', '2017-04-18', '2017-08-11', '2017-06-24', 242, 44, 35, 10, 9, 9160, 1400, 2.500, 2.000, 0.000, 0.000, '', 0, '', 1, 47, 3, 1, 0, 2, NULL);
INSERT INTO intervention (id, dureetravaux, dpdebut, drdebut, dprtx, drrtx, nbpbenef, nbrbenef, nbrbenefapte, nbfemmebenefapte, nbbenefinapte, nbphommejourapte, nbrhommejourapte, psurftraiteeces, rsurftraiteeces, psurfboiseefsp, rsurfboiseefsp, libelleautreindic, prevautreindic, observationindic, uniteautreindic, groupetravail_id, phase_id, rang, realautreindic, intitule_id, nbpaiement) VALUES (107, 40, '2017-07-17', '2017-07-19', '2017-09-11', NULL, 92, 0, 0, 0, 0, 0, 0, 0.000, 0.000, 0.000, 0.000, '', 0, '', 1, 55, 4, 2, 0, 7, NULL);
INSERT INTO intervention (id, dureetravaux, dpdebut, drdebut, dprtx, drrtx, nbpbenef, nbrbenef, nbrbenefapte, nbfemmebenefapte, nbbenefinapte, nbphommejourapte, nbrhommejourapte, psurftraiteeces, rsurftraiteeces, psurfboiseefsp, rsurfboiseefsp, libelleautreindic, prevautreindic, observationindic, uniteautreindic, groupetravail_id, phase_id, rang, realautreindic, intitule_id, nbpaiement) VALUES (91, 40, '2017-07-17', '2017-07-17', '2017-09-11', NULL, 50, 0, 0, 0, 0, 2000, 0, 0.000, 0.000, 0.000, 0.000, '', 6348, '', 1, 47, 4, 2, 0, 7, NULL);
INSERT INTO intervention (id, dureetravaux, dpdebut, drdebut, dprtx, drrtx, nbpbenef, nbrbenef, nbrbenefapte, nbfemmebenefapte, nbbenefinapte, nbphommejourapte, nbrhommejourapte, psurftraiteeces, rsurftraiteeces, psurfboiseefsp, rsurfboiseefsp, libelleautreindic, prevautreindic, observationindic, uniteautreindic, groupetravail_id, phase_id, rang, realautreindic, intitule_id, nbpaiement) VALUES (92, 40, '2017-04-18', '2017-04-28', '2017-08-11', '2017-06-24', 134, 46, 41, 11, 5, 5200, 1640, 3.000, 2.500, 0.000, 0.000, '', 0, '', 1, 48, 3, 1, 0, 2, NULL);
INSERT INTO intervention (id, dureetravaux, dpdebut, drdebut, dprtx, drrtx, nbpbenef, nbrbenef, nbrbenefapte, nbfemmebenefapte, nbbenefinapte, nbphommejourapte, nbrhommejourapte, psurftraiteeces, rsurftraiteeces, psurfboiseefsp, rsurfboiseefsp, libelleautreindic, prevautreindic, observationindic, uniteautreindic, groupetravail_id, phase_id, rang, realautreindic, intitule_id, nbpaiement) VALUES (93, 40, '2017-07-17', '2017-07-17', '2017-09-11', NULL, 46, 0, 0, 0, 0, 1840, 0, 0.000, 0.000, 0.000, 0.000, '', 6348, '', 1, 48, 4, 2, 0, 7, NULL);
INSERT INTO intervention (id, dureetravaux, dpdebut, drdebut, dprtx, drrtx, nbpbenef, nbrbenef, nbrbenefapte, nbfemmebenefapte, nbbenefinapte, nbphommejourapte, nbrhommejourapte, psurftraiteeces, rsurftraiteeces, psurfboiseefsp, rsurfboiseefsp, libelleautreindic, prevautreindic, observationindic, uniteautreindic, groupetravail_id, phase_id, rang, realautreindic, intitule_id, nbpaiement) VALUES (94, 40, '2017-04-18', '2017-04-28', '2017-08-11', '2017-06-24', 73, 44, 32, 10, 12, 2160, 1280, 1.500, 1.400, 0.000, 0.000, '', 0, '', 1, 49, 3, 1, 0, 2, NULL);
INSERT INTO intervention (id, dureetravaux, dpdebut, drdebut, dprtx, drrtx, nbpbenef, nbrbenef, nbrbenefapte, nbfemmebenefapte, nbbenefinapte, nbphommejourapte, nbrhommejourapte, psurftraiteeces, rsurftraiteeces, psurfboiseefsp, rsurfboiseefsp, libelleautreindic, prevautreindic, observationindic, uniteautreindic, groupetravail_id, phase_id, rang, realautreindic, intitule_id, nbpaiement) VALUES (95, 40, '2017-07-17', '2017-07-17', '2017-09-11', NULL, 62, 0, 0, 0, 0, 2480, 0, 0.000, 0.000, 0.000, 0.000, '', 2898, '', 1, 49, 4, 2, 0, 7, NULL);
INSERT INTO intervention (id, dureetravaux, dpdebut, drdebut, dprtx, drrtx, nbpbenef, nbrbenef, nbrbenefapte, nbfemmebenefapte, nbbenefinapte, nbphommejourapte, nbrhommejourapte, psurftraiteeces, rsurftraiteeces, psurfboiseefsp, rsurfboiseefsp, libelleautreindic, prevautreindic, observationindic, uniteautreindic, groupetravail_id, phase_id, rang, realautreindic, intitule_id, nbpaiement) VALUES (96, 40, '2017-04-18', '2017-04-28', '2017-08-04', '2017-06-28', 73, 28, 28, 27, 0, 2920, 1120, 3.400, 2.500, 0.000, 0.000, '', 0, '', 1, 50, 3, 1, 0, 2, NULL);
INSERT INTO intervention (id, dureetravaux, dpdebut, drdebut, dprtx, drrtx, nbpbenef, nbrbenef, nbrbenefapte, nbfemmebenefapte, nbbenefinapte, nbphommejourapte, nbrhommejourapte, psurftraiteeces, rsurftraiteeces, psurfboiseefsp, rsurfboiseefsp, libelleautreindic, prevautreindic, observationindic, uniteautreindic, groupetravail_id, phase_id, rang, realautreindic, intitule_id, nbpaiement) VALUES (97, 40, '2017-07-17', '2017-07-17', '2017-09-11', NULL, 28, 0, 0, 0, 0, 1120, 0, 0.000, 0.000, 0.000, 0.000, '', 1782, '', 1, 50, 4, 2, 0, 7, NULL);
INSERT INTO intervention (id, dureetravaux, dpdebut, drdebut, dprtx, drrtx, nbpbenef, nbrbenef, nbrbenefapte, nbfemmebenefapte, nbbenefinapte, nbphommejourapte, nbrhommejourapte, psurftraiteeces, rsurftraiteeces, psurfboiseefsp, rsurfboiseefsp, libelleautreindic, prevautreindic, observationindic, uniteautreindic, groupetravail_id, phase_id, rang, realautreindic, intitule_id, nbpaiement) VALUES (98, 40, '2017-04-18', '2017-04-28', '2017-08-04', '2017-06-28', 179, 76, 56, 4, 20, 6360, 2240, 3.400, 2.300, 0.000, 0.000, '', 0, '', 1, 51, 3, 1, 0, 2, NULL);
INSERT INTO intervention (id, dureetravaux, dpdebut, drdebut, dprtx, drrtx, nbpbenef, nbrbenef, nbrbenefapte, nbfemmebenefapte, nbbenefinapte, nbphommejourapte, nbrhommejourapte, psurftraiteeces, rsurftraiteeces, psurfboiseefsp, rsurfboiseefsp, libelleautreindic, prevautreindic, observationindic, uniteautreindic, groupetravail_id, phase_id, rang, realautreindic, intitule_id, nbpaiement) VALUES (99, 40, '2017-07-17', '2017-07-17', '2017-09-11', NULL, 79, 0, 0, 0, 0, 3160, 0, 4.860, 0.000, 0.000, 0.000, '', 0, '', 1, 51, 4, 2, 0, 2, NULL);
INSERT INTO intervention (id, dureetravaux, dpdebut, drdebut, dprtx, drrtx, nbpbenef, nbrbenef, nbrbenefapte, nbfemmebenefapte, nbbenefinapte, nbphommejourapte, nbrhommejourapte, psurftraiteeces, rsurftraiteeces, psurfboiseefsp, rsurfboiseefsp, libelleautreindic, prevautreindic, observationindic, uniteautreindic, groupetravail_id, phase_id, rang, realautreindic, intitule_id, nbpaiement) VALUES (100, 40, '2017-04-18', '2017-04-28', '2017-08-04', '2017-06-28', 248, 94, 79, 18, 15, 8640, 3160, 1.460, 1.000, 0.000, 0.000, '', 0, '', 1, 52, 3, 1, 0, 2, NULL);
INSERT INTO intervention (id, dureetravaux, dpdebut, drdebut, dprtx, drrtx, nbpbenef, nbrbenef, nbrbenefapte, nbfemmebenefapte, nbbenefinapte, nbphommejourapte, nbrhommejourapte, psurftraiteeces, rsurftraiteeces, psurfboiseefsp, rsurfboiseefsp, libelleautreindic, prevautreindic, observationindic, uniteautreindic, groupetravail_id, phase_id, rang, realautreindic, intitule_id, nbpaiement) VALUES (101, 40, '2017-07-17', '2017-07-17', '2017-09-11', NULL, 107, 0, 0, 0, 0, 4280, 0, 0.000, 0.000, 0.000, 0.000, '', 9708, '', 1, 52, 4, 2, 0, 7, NULL);
INSERT INTO intervention (id, dureetravaux, dpdebut, drdebut, dprtx, drrtx, nbpbenef, nbrbenef, nbrbenefapte, nbfemmebenefapte, nbbenefinapte, nbphommejourapte, nbrhommejourapte, psurftraiteeces, rsurftraiteeces, psurfboiseefsp, rsurfboiseefsp, libelleautreindic, prevautreindic, observationindic, uniteautreindic, groupetravail_id, phase_id, rang, realautreindic, intitule_id, nbpaiement) VALUES (102, 40, '2017-04-03', '2017-03-14', '2017-06-30', '2017-05-10', 96, 57, 39, 24, 18, 3160, 1560, 0.000, 0.000, 1.290, 1.290, '', 0, '', 1, 53, 3, 1, 0, 2, NULL);
INSERT INTO intervention (id, dureetravaux, dpdebut, drdebut, dprtx, drrtx, nbpbenef, nbrbenef, nbrbenefapte, nbfemmebenefapte, nbbenefinapte, nbphommejourapte, nbrhommejourapte, psurftraiteeces, rsurftraiteeces, psurfboiseefsp, rsurfboiseefsp, libelleautreindic, prevautreindic, observationindic, uniteautreindic, groupetravail_id, phase_id, rang, realautreindic, intitule_id, nbpaiement) VALUES (103, 40, '2017-07-17', '2017-07-20', '2017-09-11', NULL, 61, 0, 0, 0, 0, 0, 0, 0.000, 0.000, 0.000, 0.000, '', 0, '', 1, 53, 4, 2, 0, 4, NULL);
INSERT INTO intervention (id, dureetravaux, dpdebut, drdebut, dprtx, drrtx, nbpbenef, nbrbenef, nbrbenefapte, nbfemmebenefapte, nbbenefinapte, nbphommejourapte, nbrhommejourapte, psurftraiteeces, rsurftraiteeces, psurfboiseefsp, rsurfboiseefsp, libelleautreindic, prevautreindic, observationindic, uniteautreindic, groupetravail_id, phase_id, rang, realautreindic, intitule_id, nbpaiement) VALUES (104, 40, '2017-04-03', '2017-03-14', '2017-06-30', '2017-05-10', 169, 98, 70, 32, 28, 5760, 2800, 0.840, 0.840, 1.710, 1.710, '', 0, '', 1, 54, 3, 1, 0, 2, NULL);
INSERT INTO intervention (id, dureetravaux, dpdebut, drdebut, dprtx, drrtx, nbpbenef, nbrbenef, nbrbenefapte, nbfemmebenefapte, nbbenefinapte, nbphommejourapte, nbrhommejourapte, psurftraiteeces, rsurftraiteeces, psurfboiseefsp, rsurfboiseefsp, libelleautreindic, prevautreindic, observationindic, uniteautreindic, groupetravail_id, phase_id, rang, realautreindic, intitule_id, nbpaiement) VALUES (105, 40, '2017-07-17', '2017-07-20', '2017-09-11', NULL, 125, 0, 0, 0, 0, 0, 0, 0.000, 0.000, 0.000, 0.000, '', 0, '', 1, 54, 4, 2, 0, 6, NULL);
INSERT INTO intervention (id, dureetravaux, dpdebut, drdebut, dprtx, drrtx, nbpbenef, nbrbenef, nbrbenefapte, nbfemmebenefapte, nbbenefinapte, nbphommejourapte, nbrhommejourapte, psurftraiteeces, rsurftraiteeces, psurfboiseefsp, rsurfboiseefsp, libelleautreindic, prevautreindic, observationindic, uniteautreindic, groupetravail_id, phase_id, rang, realautreindic, intitule_id, nbpaiement) VALUES (108, 40, '2017-04-03', '2017-02-28', '2017-07-28', '2017-04-26', 257, 86, 66, 25, 20, 8640, 2640, 0.000, 0.000, 0.000, 0.000, '', 0, '', 1, 56, 3, 1, 0, 2, NULL);
INSERT INTO intervention (id, dureetravaux, dpdebut, drdebut, dprtx, drrtx, nbpbenef, nbrbenef, nbrbenefapte, nbfemmebenefapte, nbbenefinapte, nbphommejourapte, nbrhommejourapte, psurftraiteeces, rsurftraiteeces, psurfboiseefsp, rsurfboiseefsp, libelleautreindic, prevautreindic, observationindic, uniteautreindic, groupetravail_id, phase_id, rang, realautreindic, intitule_id, nbpaiement) VALUES (109, 40, '2017-07-17', '2017-07-19', '2017-09-11', NULL, 107, 0, 0, 0, 0, 0, 0, 0.000, 0.000, 0.000, 0.000, '', 0, '', 1, 56, 4, 2, 0, 7, NULL);
INSERT INTO intervention (id, dureetravaux, dpdebut, drdebut, dprtx, drrtx, nbpbenef, nbrbenef, nbrbenefapte, nbfemmebenefapte, nbbenefinapte, nbphommejourapte, nbrhommejourapte, psurftraiteeces, rsurftraiteeces, psurfboiseefsp, rsurfboiseefsp, libelleautreindic, prevautreindic, observationindic, uniteautreindic, groupetravail_id, phase_id, rang, realautreindic, intitule_id, nbpaiement) VALUES (110, 40, '2017-04-03', '2017-02-28', '2017-07-28', '2017-04-26', 239, 101, 84, 45, 17, 8880, 3360, 0.000, 0.000, 0.000, 0.000, '', 0, '', 1, 57, 3, 1, 0, 2, NULL);
INSERT INTO intervention (id, dureetravaux, dpdebut, drdebut, dprtx, drrtx, nbpbenef, nbrbenef, nbrbenefapte, nbfemmebenefapte, nbbenefinapte, nbphommejourapte, nbrhommejourapte, psurftraiteeces, rsurftraiteeces, psurfboiseefsp, rsurfboiseefsp, libelleautreindic, prevautreindic, observationindic, uniteautreindic, groupetravail_id, phase_id, rang, realautreindic, intitule_id, nbpaiement) VALUES (111, 40, '2017-07-17', '2017-07-19', '2017-09-11', NULL, 156, 0, 0, 0, 0, 0, 0, 0.000, 0.000, 0.000, 0.000, '', 0, '', 1, 57, 4, 2, 0, 7, NULL);
INSERT INTO intervention (id, dureetravaux, dpdebut, drdebut, dprtx, drrtx, nbpbenef, nbrbenef, nbrbenefapte, nbfemmebenefapte, nbbenefinapte, nbphommejourapte, nbrhommejourapte, psurftraiteeces, rsurftraiteeces, psurfboiseefsp, rsurfboiseefsp, libelleautreindic, prevautreindic, observationindic, uniteautreindic, groupetravail_id, phase_id, rang, realautreindic, intitule_id, nbpaiement) VALUES (112, 40, '2017-04-03', '2017-02-28', '2017-07-28', '2017-04-26', 87, 50, 39, 15, 11, 2800, 1560, 0.000, 0.000, 0.000, 0.000, '', 0, '', 1, 58, 3, 1, 0, 2, NULL);
INSERT INTO intervention (id, dureetravaux, dpdebut, drdebut, dprtx, drrtx, nbpbenef, nbrbenef, nbrbenefapte, nbfemmebenefapte, nbbenefinapte, nbphommejourapte, nbrhommejourapte, psurftraiteeces, rsurftraiteeces, psurfboiseefsp, rsurfboiseefsp, libelleautreindic, prevautreindic, observationindic, uniteautreindic, groupetravail_id, phase_id, rang, realautreindic, intitule_id, nbpaiement) VALUES (113, 40, '2017-07-17', '2017-07-19', '2017-09-11', NULL, 70, 0, 0, 0, 0, 0, 0, 0.000, 0.000, 0.000, 0.000, '', 0, '', 1, 58, 4, 2, 0, 7, NULL);
INSERT INTO intervention (id, dureetravaux, dpdebut, drdebut, dprtx, drrtx, nbpbenef, nbrbenef, nbrbenefapte, nbfemmebenefapte, nbbenefinapte, nbphommejourapte, nbrhommejourapte, psurftraiteeces, rsurftraiteeces, psurfboiseefsp, rsurfboiseefsp, libelleautreindic, prevautreindic, observationindic, uniteautreindic, groupetravail_id, phase_id, rang, realautreindic, intitule_id, nbpaiement) VALUES (115, 40, '2017-04-03', '2017-02-28', '2017-06-30', '2017-04-26', 148, 37, 33, 13, 4, 5000, 1320, 0.000, 0.000, 0.000, 0.000, '', 0, '', 1, 59, 3, 1, 0, 2, NULL);
INSERT INTO intervention (id, dureetravaux, dpdebut, drdebut, dprtx, drrtx, nbpbenef, nbrbenef, nbrbenefapte, nbfemmebenefapte, nbbenefinapte, nbphommejourapte, nbrhommejourapte, psurftraiteeces, rsurftraiteeces, psurfboiseefsp, rsurfboiseefsp, libelleautreindic, prevautreindic, observationindic, uniteautreindic, groupetravail_id, phase_id, rang, realautreindic, intitule_id, nbpaiement) VALUES (116, 40, '2017-07-17', '2017-07-19', '2017-09-11', NULL, 55, 0, 0, 0, 0, 0, 0, 0.000, 0.000, 0.000, 0.000, '', 0, '', 1, 59, 4, 2, 0, 7, NULL);
INSERT INTO intervention (id, dureetravaux, dpdebut, drdebut, dprtx, drrtx, nbpbenef, nbrbenef, nbrbenefapte, nbfemmebenefapte, nbbenefinapte, nbphommejourapte, nbrhommejourapte, psurftraiteeces, rsurftraiteeces, psurfboiseefsp, rsurfboiseefsp, libelleautreindic, prevautreindic, observationindic, uniteautreindic, groupetravail_id, phase_id, rang, realautreindic, intitule_id, nbpaiement) VALUES (117, 40, '2017-04-03', '2017-08-28', '2017-06-30', '2017-04-26', 117, 62, 44, 34, 18, 3800, 1760, 0.000, 0.000, 0.000, 0.000, '', 0, '', 1, 60, 3, 1, 0, 2, NULL);
INSERT INTO intervention (id, dureetravaux, dpdebut, drdebut, dprtx, drrtx, nbpbenef, nbrbenef, nbrbenefapte, nbfemmebenefapte, nbbenefinapte, nbphommejourapte, nbrhommejourapte, psurftraiteeces, rsurftraiteeces, psurfboiseefsp, rsurfboiseefsp, libelleautreindic, prevautreindic, observationindic, uniteautreindic, groupetravail_id, phase_id, rang, realautreindic, intitule_id, nbpaiement) VALUES (118, 40, '2017-07-17', '2017-07-19', '2017-09-11', NULL, 103, 0, 0, 0, 0, 0, 0, 0.000, 0.000, 0.000, 0.000, '', 0, '', 1, 60, 4, 2, 0, 5, NULL);
INSERT INTO intervention (id, dureetravaux, dpdebut, drdebut, dprtx, drrtx, nbpbenef, nbrbenef, nbrbenefapte, nbfemmebenefapte, nbbenefinapte, nbphommejourapte, nbrhommejourapte, psurftraiteeces, rsurftraiteeces, psurfboiseefsp, rsurfboiseefsp, libelleautreindic, prevautreindic, observationindic, uniteautreindic, groupetravail_id, phase_id, rang, realautreindic, intitule_id, nbpaiement) VALUES (119, 40, '2017-04-03', '2017-02-28', '2017-06-30', '2017-04-26', 122, 91, 68, 15, 23, 4600, 2720, 0.000, 0.000, 0.000, 0.000, '', 0, '', 1, 61, 3, 1, 0, 2, NULL);
INSERT INTO intervention (id, dureetravaux, dpdebut, drdebut, dprtx, drrtx, nbpbenef, nbrbenef, nbrbenefapte, nbfemmebenefapte, nbbenefinapte, nbphommejourapte, nbrhommejourapte, psurftraiteeces, rsurftraiteeces, psurfboiseefsp, rsurfboiseefsp, libelleautreindic, prevautreindic, observationindic, uniteautreindic, groupetravail_id, phase_id, rang, realautreindic, intitule_id, nbpaiement) VALUES (120, 40, '2017-07-17', '2017-07-19', '2017-09-11', NULL, 101, 0, 0, 0, 0, 0, 0, 0.000, 0.000, 0.000, 0.000, '', 0, '', 1, 61, 4, 2, 0, 7, NULL);
INSERT INTO intervention (id, dureetravaux, dpdebut, drdebut, dprtx, drrtx, nbpbenef, nbrbenef, nbrbenefapte, nbfemmebenefapte, nbbenefinapte, nbphommejourapte, nbrhommejourapte, psurftraiteeces, rsurftraiteeces, psurfboiseefsp, rsurfboiseefsp, libelleautreindic, prevautreindic, observationindic, uniteautreindic, groupetravail_id, phase_id, rang, realautreindic, intitule_id, nbpaiement) VALUES (121, 40, '2017-03-04', '2017-02-28', '2017-06-30', '2017-04-26', 68, 73, 66, 33, 7, 2560, 2640, 0.000, 0.000, 0.000, 0.000, '', 0, '', 1, 62, 3, 1, 0, 2, NULL);
INSERT INTO intervention (id, dureetravaux, dpdebut, drdebut, dprtx, drrtx, nbpbenef, nbrbenef, nbrbenefapte, nbfemmebenefapte, nbbenefinapte, nbphommejourapte, nbrhommejourapte, psurftraiteeces, rsurftraiteeces, psurfboiseefsp, rsurfboiseefsp, libelleautreindic, prevautreindic, observationindic, uniteautreindic, groupetravail_id, phase_id, rang, realautreindic, intitule_id, nbpaiement) VALUES (122, 40, '2017-07-17', '2017-07-19', '2017-09-11', NULL, 73, 0, 0, 0, 0, 0, 0, 0.000, 0.000, 0.000, 0.000, '', 0, '', 1, 62, 4, 2, 0, 7, NULL);
INSERT INTO intervention (id, dureetravaux, dpdebut, drdebut, dprtx, drrtx, nbpbenef, nbrbenef, nbrbenefapte, nbfemmebenefapte, nbbenefinapte, nbphommejourapte, nbrhommejourapte, psurftraiteeces, rsurftraiteeces, psurfboiseefsp, rsurfboiseefsp, libelleautreindic, prevautreindic, observationindic, uniteautreindic, groupetravail_id, phase_id, rang, realautreindic, intitule_id, nbpaiement) VALUES (123, 40, '2017-04-03', '2017-02-28', '2017-06-30', '2017-04-26', 250, 162, 126, 55, 36, 8440, 0, 0.000, 0.000, 0.000, 0.000, '', 0, '', 1, 63, 3, 1, 0, 2, NULL);
INSERT INTO intervention (id, dureetravaux, dpdebut, drdebut, dprtx, drrtx, nbpbenef, nbrbenef, nbrbenefapte, nbfemmebenefapte, nbbenefinapte, nbphommejourapte, nbrhommejourapte, psurftraiteeces, rsurftraiteeces, psurfboiseefsp, rsurfboiseefsp, libelleautreindic, prevautreindic, observationindic, uniteautreindic, groupetravail_id, phase_id, rang, realautreindic, intitule_id, nbpaiement) VALUES (124, 40, '2017-07-17', '2017-07-19', '2017-09-11', NULL, 221, 0, 0, 0, 0, 0, 0, 0.000, 0.000, 0.000, 0.000, '', 0, '', 1, 63, 4, 2, 0, 7, NULL);
INSERT INTO intervention (id, dureetravaux, dpdebut, drdebut, dprtx, drrtx, nbpbenef, nbrbenef, nbrbenefapte, nbfemmebenefapte, nbbenefinapte, nbphommejourapte, nbrhommejourapte, psurftraiteeces, rsurftraiteeces, psurfboiseefsp, rsurfboiseefsp, libelleautreindic, prevautreindic, observationindic, uniteautreindic, groupetravail_id, phase_id, rang, realautreindic, intitule_id, nbpaiement) VALUES (125, 40, '2017-04-03', '2017-02-28', '2017-08-18', '2017-04-25', 149, 46, 31, 27, 15, 5360, 1240, 2.600, 1.720, 0.800, 0.400, '', 0, '', 1, 64, 3, 1, 0, 8, NULL);
INSERT INTO intervention (id, dureetravaux, dpdebut, drdebut, dprtx, drrtx, nbpbenef, nbrbenef, nbrbenefapte, nbfemmebenefapte, nbbenefinapte, nbphommejourapte, nbrhommejourapte, psurftraiteeces, rsurftraiteeces, psurfboiseefsp, rsurfboiseefsp, libelleautreindic, prevautreindic, observationindic, uniteautreindic, groupetravail_id, phase_id, rang, realautreindic, intitule_id, nbpaiement) VALUES (126, 40, '2017-07-17', '2017-07-17', '2017-09-11', NULL, 66, 0, 0, 0, 0, 0, 0, 0.000, 0.000, 0.000, 0.000, '', 0, '', 1, 64, 4, 2, 0, 3, NULL);
INSERT INTO intervention (id, dureetravaux, dpdebut, drdebut, dprtx, drrtx, nbpbenef, nbrbenef, nbrbenefapte, nbfemmebenefapte, nbbenefinapte, nbphommejourapte, nbrhommejourapte, psurftraiteeces, rsurftraiteeces, psurfboiseefsp, rsurfboiseefsp, libelleautreindic, prevautreindic, observationindic, uniteautreindic, groupetravail_id, phase_id, rang, realautreindic, intitule_id, nbpaiement) VALUES (127, 40, '2017-04-03', '2017-02-28', '2017-08-18', '2017-04-25', 90, 46, 39, 14, 7, 3320, 1560, 2.600, 2.000, 0.640, 0.640, '', 0, '', 1, 65, 3, 1, 0, 8, NULL);
INSERT INTO intervention (id, dureetravaux, dpdebut, drdebut, dprtx, drrtx, nbpbenef, nbrbenef, nbrbenefapte, nbfemmebenefapte, nbbenefinapte, nbphommejourapte, nbrhommejourapte, psurftraiteeces, rsurftraiteeces, psurfboiseefsp, rsurfboiseefsp, libelleautreindic, prevautreindic, observationindic, uniteautreindic, groupetravail_id, phase_id, rang, realautreindic, intitule_id, nbpaiement) VALUES (128, 40, '2017-07-17', '2017-07-17', '2017-09-11', NULL, 59, 0, 0, 0, 0, 0, 0, 0.000, 0.000, 0.000, 0.000, '', 0, '', 1, 65, 4, 2, 0, 3, NULL);
INSERT INTO intervention (id, dureetravaux, dpdebut, drdebut, dprtx, drrtx, nbpbenef, nbrbenef, nbrbenefapte, nbfemmebenefapte, nbbenefinapte, nbphommejourapte, nbrhommejourapte, psurftraiteeces, rsurftraiteeces, psurfboiseefsp, rsurfboiseefsp, libelleautreindic, prevautreindic, observationindic, uniteautreindic, groupetravail_id, phase_id, rang, realautreindic, intitule_id, nbpaiement) VALUES (129, 40, '2017-04-03', '2017-02-28', '2017-08-18', '2017-04-25', 138, 70, 57, 24, 13, 5000, 2280, 0.000, 0.000, 1.120, 1.120, '', 0, '', 1, 66, 3, 1, 0, 8, NULL);
INSERT INTO intervention (id, dureetravaux, dpdebut, drdebut, dprtx, drrtx, nbpbenef, nbrbenef, nbrbenefapte, nbfemmebenefapte, nbbenefinapte, nbphommejourapte, nbrhommejourapte, psurftraiteeces, rsurftraiteeces, psurfboiseefsp, rsurfboiseefsp, libelleautreindic, prevautreindic, observationindic, uniteautreindic, groupetravail_id, phase_id, rang, realautreindic, intitule_id, nbpaiement) VALUES (130, 40, '2017-07-17', '2017-07-17', '2017-09-11', NULL, 86, 0, 0, 0, 0, 0, 0, 0.000, 0.000, 0.000, 0.000, '', 0, '', 1, 66, 4, 2, 0, 4, NULL);
INSERT INTO intervention (id, dureetravaux, dpdebut, drdebut, dprtx, drrtx, nbpbenef, nbrbenef, nbrbenefapte, nbfemmebenefapte, nbbenefinapte, nbphommejourapte, nbrhommejourapte, psurftraiteeces, rsurftraiteeces, psurfboiseefsp, rsurfboiseefsp, libelleautreindic, prevautreindic, observationindic, uniteautreindic, groupetravail_id, phase_id, rang, realautreindic, intitule_id, nbpaiement) VALUES (131, 40, '2017-04-03', '2017-02-28', '2017-08-18', '2017-04-25', 132, 71, 49, 12, 22, 4400, 1960, 2.600, 2.600, 0.000, 0.000, '', 0, '', 1, 67, 3, 1, 0, 2, NULL);
INSERT INTO intervention (id, dureetravaux, dpdebut, drdebut, dprtx, drrtx, nbpbenef, nbrbenef, nbrbenefapte, nbfemmebenefapte, nbbenefinapte, nbphommejourapte, nbrhommejourapte, psurftraiteeces, rsurftraiteeces, psurfboiseefsp, rsurfboiseefsp, libelleautreindic, prevautreindic, observationindic, uniteautreindic, groupetravail_id, phase_id, rang, realautreindic, intitule_id, nbpaiement) VALUES (132, 40, '2017-07-17', '2017-07-17', '2017-09-11', NULL, 125, 0, 0, 0, 0, 0, 0, 0.000, 0.000, 0.000, 0.000, '', 0, '', 1, 67, 4, 2, 0, 4, NULL);
INSERT INTO intervention (id, dureetravaux, dpdebut, drdebut, dprtx, drrtx, nbpbenef, nbrbenef, nbrbenefapte, nbfemmebenefapte, nbbenefinapte, nbphommejourapte, nbrhommejourapte, psurftraiteeces, rsurftraiteeces, psurfboiseefsp, rsurfboiseefsp, libelleautreindic, prevautreindic, observationindic, uniteautreindic, groupetravail_id, phase_id, rang, realautreindic, intitule_id, nbpaiement) VALUES (133, 40, '2017-04-09', '2017-02-28', '2017-08-18', '2017-04-25', 143, 77, 55, 24, 22, 4840, 2200, 2.600, 1.800, 0.000, 0.000, '', 0, '', 1, 68, 3, 1, 0, 2, NULL);
INSERT INTO intervention (id, dureetravaux, dpdebut, drdebut, dprtx, drrtx, nbpbenef, nbrbenef, nbrbenefapte, nbfemmebenefapte, nbbenefinapte, nbphommejourapte, nbrhommejourapte, psurftraiteeces, rsurftraiteeces, psurfboiseefsp, rsurfboiseefsp, libelleautreindic, prevautreindic, observationindic, uniteautreindic, groupetravail_id, phase_id, rang, realautreindic, intitule_id, nbpaiement) VALUES (134, 40, '2017-07-17', '2017-07-17', '2017-09-11', NULL, 77, 0, 0, 0, 0, 0, 0, 0.000, 0.000, 0.000, 0.000, '', 0, '', 1, 68, 4, 2, 0, 4, NULL);


--
-- TOC entry 2207 (class 0 OID 0)
-- Dependencies: 197
-- Name: intervention_id_seq; Type: SEQUENCE SET; Schema: public; Owner: postgres
--

SELECT pg_catalog.setval('intervention_id_seq', 134, true);


--
-- TOC entry 2172 (class 0 OID 18513)
-- Dependencies: 195
-- Data for Name: intitule; Type: TABLE DATA; Schema: public; Owner: postgres
--

INSERT INTO intitule (id, nom) VALUES (1, '-');
INSERT INTO intitule (id, nom) VALUES (2, 'DAE');
INSERT INTO intitule (id, nom) VALUES (3, 'RENFORCEMENT DE BERGES');
INSERT INTO intitule (id, nom) VALUES (4, 'DESENSABLEMENT');
INSERT INTO intitule (id, nom) VALUES (5, 'REHABILITATION BARRAGE TRADITIONNEL');
INSERT INTO intitule (id, nom) VALUES (6, 'MISE EN PLACE DE DISPOSITIF ANTI EROSIF');
INSERT INTO intitule (id, nom) VALUES (7, 'DESENSABLEMENT CANALISATION');
INSERT INTO intitule (id, nom) VALUES (8, 'REBOISEMENT');


--
-- TOC entry 2208 (class 0 OID 0)
-- Dependencies: 194
-- Name: intitule_id_seq; Type: SEQUENCE SET; Schema: public; Owner: postgres
--

SELECT pg_catalog.setval('intitule_id_seq', 8, true);


--
-- TOC entry 2177 (class 0 OID 18620)
-- Dependencies: 200
-- Data for Name: paiement; Type: TABLE DATA; Schema: public; Owner: postgres
--

INSERT INTO paiement (id, dateprevue, datereelle, intervention_id, rang) VALUES (1, '2017-04-17', '2017-05-19', 1, 1);
INSERT INTO paiement (id, dateprevue, datereelle, intervention_id, rang) VALUES (2, '2017-06-13', '2017-07-07', 1, 2);
INSERT INTO paiement (id, dateprevue, datereelle, intervention_id, rang) VALUES (125, '2017-08-24', NULL, 56, 2);
INSERT INTO paiement (id, dateprevue, datereelle, intervention_id, rang) VALUES (5, '2017-09-30', NULL, 2, 3);
INSERT INTO paiement (id, dateprevue, datereelle, intervention_id, rang) VALUES (6, '2017-04-17', '2017-05-19', 3, 1);
INSERT INTO paiement (id, dateprevue, datereelle, intervention_id, rang) VALUES (7, '2017-06-13', '2017-07-07', 3, 2);
INSERT INTO paiement (id, dateprevue, datereelle, intervention_id, rang) VALUES (8, '2017-08-04', NULL, 4, 1);
INSERT INTO paiement (id, dateprevue, datereelle, intervention_id, rang) VALUES (9, '2017-08-24', NULL, 4, 2);
INSERT INTO paiement (id, dateprevue, datereelle, intervention_id, rang) VALUES (10, '2017-09-30', NULL, 4, 3);
INSERT INTO paiement (id, dateprevue, datereelle, intervention_id, rang) VALUES (11, '2017-04-17', '2017-05-19', 5, 1);
INSERT INTO paiement (id, dateprevue, datereelle, intervention_id, rang) VALUES (12, '2017-06-13', '2017-07-07', 5, 2);
INSERT INTO paiement (id, dateprevue, datereelle, intervention_id, rang) VALUES (13, '2017-08-04', NULL, 6, 1);
INSERT INTO paiement (id, dateprevue, datereelle, intervention_id, rang) VALUES (14, '2017-08-24', NULL, 6, 2);
INSERT INTO paiement (id, dateprevue, datereelle, intervention_id, rang) VALUES (15, '2017-09-30', NULL, 6, 3);
INSERT INTO paiement (id, dateprevue, datereelle, intervention_id, rang) VALUES (16, '2017-04-17', '2017-05-19', 7, 1);
INSERT INTO paiement (id, dateprevue, datereelle, intervention_id, rang) VALUES (17, '2017-06-13', '2017-07-07', 7, 2);
INSERT INTO paiement (id, dateprevue, datereelle, intervention_id, rang) VALUES (18, '2017-08-04', NULL, 8, 1);
INSERT INTO paiement (id, dateprevue, datereelle, intervention_id, rang) VALUES (19, '2017-08-24', NULL, 8, 2);
INSERT INTO paiement (id, dateprevue, datereelle, intervention_id, rang) VALUES (20, '2017-09-30', NULL, 8, 3);
INSERT INTO paiement (id, dateprevue, datereelle, intervention_id, rang) VALUES (21, '2017-03-17', '2017-05-19', 9, 1);
INSERT INTO paiement (id, dateprevue, datereelle, intervention_id, rang) VALUES (22, '2017-06-13', '2017-07-07', 9, 2);
INSERT INTO paiement (id, dateprevue, datereelle, intervention_id, rang) VALUES (50, '2017-04-04', '2017-04-19', 23, 1);
INSERT INTO paiement (id, dateprevue, datereelle, intervention_id, rang) VALUES (51, '2017-05-31', '2017-06-21', 23, 2);
INSERT INTO paiement (id, dateprevue, datereelle, intervention_id, rang) VALUES (25, '2017-08-04', NULL, 11, 1);
INSERT INTO paiement (id, dateprevue, datereelle, intervention_id, rang) VALUES (26, '2017-08-24', NULL, 11, 2);
INSERT INTO paiement (id, dateprevue, datereelle, intervention_id, rang) VALUES (27, '2017-09-30', NULL, 11, 3);
INSERT INTO paiement (id, dateprevue, datereelle, intervention_id, rang) VALUES (28, '2017-04-04', '2017-04-20', 12, 1);
INSERT INTO paiement (id, dateprevue, datereelle, intervention_id, rang) VALUES (29, '2017-05-31', '2017-06-21', 12, 2);
INSERT INTO paiement (id, dateprevue, datereelle, intervention_id, rang) VALUES (32, '2017-04-04', '2017-04-20', 14, 1);
INSERT INTO paiement (id, dateprevue, datereelle, intervention_id, rang) VALUES (33, '2017-05-31', '2017-06-21', 14, 2);
INSERT INTO paiement (id, dateprevue, datereelle, intervention_id, rang) VALUES (52, '2017-08-04', NULL, 24, 1);
INSERT INTO paiement (id, dateprevue, datereelle, intervention_id, rang) VALUES (53, '2017-09-30', NULL, 24, 2);
INSERT INTO paiement (id, dateprevue, datereelle, intervention_id, rang) VALUES (36, '2017-04-04', '2017-04-20', 16, 1);
INSERT INTO paiement (id, dateprevue, datereelle, intervention_id, rang) VALUES (37, '2017-05-31', '2017-06-21', 16, 2);
INSERT INTO paiement (id, dateprevue, datereelle, intervention_id, rang) VALUES (40, '2017-04-04', '2017-04-19', 18, 1);
INSERT INTO paiement (id, dateprevue, datereelle, intervention_id, rang) VALUES (41, '2017-05-31', '2017-06-21', 18, 2);
INSERT INTO paiement (id, dateprevue, datereelle, intervention_id, rang) VALUES (54, '2017-04-04', '2017-04-27', 25, 1);
INSERT INTO paiement (id, dateprevue, datereelle, intervention_id, rang) VALUES (55, '2017-05-31', '2017-06-21', 25, 2);
INSERT INTO paiement (id, dateprevue, datereelle, intervention_id, rang) VALUES (44, '2017-08-04', NULL, 20, 1);
INSERT INTO paiement (id, dateprevue, datereelle, intervention_id, rang) VALUES (45, '2017-09-30', NULL, 20, 2);
INSERT INTO paiement (id, dateprevue, datereelle, intervention_id, rang) VALUES (38, '2017-08-04', NULL, 17, 1);
INSERT INTO paiement (id, dateprevue, datereelle, intervention_id, rang) VALUES (39, '2017-09-30', NULL, 17, 2);
INSERT INTO paiement (id, dateprevue, datereelle, intervention_id, rang) VALUES (30, '2017-04-08', NULL, 13, 1);
INSERT INTO paiement (id, dateprevue, datereelle, intervention_id, rang) VALUES (31, '2017-09-30', NULL, 13, 2);
INSERT INTO paiement (id, dateprevue, datereelle, intervention_id, rang) VALUES (34, '2017-08-04', NULL, 15, 1);
INSERT INTO paiement (id, dateprevue, datereelle, intervention_id, rang) VALUES (35, '2017-09-30', NULL, 15, 2);
INSERT INTO paiement (id, dateprevue, datereelle, intervention_id, rang) VALUES (46, '2017-04-04', '2017-04-19', 21, 1);
INSERT INTO paiement (id, dateprevue, datereelle, intervention_id, rang) VALUES (47, '2017-05-31', '2017-06-21', 21, 2);
INSERT INTO paiement (id, dateprevue, datereelle, intervention_id, rang) VALUES (48, '2017-08-04', NULL, 22, 1);
INSERT INTO paiement (id, dateprevue, datereelle, intervention_id, rang) VALUES (49, '2017-09-30', NULL, 22, 2);
INSERT INTO paiement (id, dateprevue, datereelle, intervention_id, rang) VALUES (56, '2017-08-04', NULL, 26, 1);
INSERT INTO paiement (id, dateprevue, datereelle, intervention_id, rang) VALUES (57, '2017-09-30', NULL, 26, 2);
INSERT INTO paiement (id, dateprevue, datereelle, intervention_id, rang) VALUES (58, '2017-04-08', '2017-04-27', 27, 1);
INSERT INTO paiement (id, dateprevue, datereelle, intervention_id, rang) VALUES (59, '2017-06-04', '2017-06-06', 27, 2);
INSERT INTO paiement (id, dateprevue, datereelle, intervention_id, rang) VALUES (60, '2017-08-04', NULL, 28, 1);
INSERT INTO paiement (id, dateprevue, datereelle, intervention_id, rang) VALUES (61, '2017-09-30', NULL, 28, 2);
INSERT INTO paiement (id, dateprevue, datereelle, intervention_id, rang) VALUES (62, '2017-04-03', '2017-04-21', 29, 1);
INSERT INTO paiement (id, dateprevue, datereelle, intervention_id, rang) VALUES (63, '2017-06-04', '2017-06-06', 29, 2);
INSERT INTO paiement (id, dateprevue, datereelle, intervention_id, rang) VALUES (64, '2017-08-04', NULL, 30, 1);
INSERT INTO paiement (id, dateprevue, datereelle, intervention_id, rang) VALUES (65, '2017-09-30', NULL, 30, 2);
INSERT INTO paiement (id, dateprevue, datereelle, intervention_id, rang) VALUES (66, '2017-04-11', '2017-04-28', 31, 1);
INSERT INTO paiement (id, dateprevue, datereelle, intervention_id, rang) VALUES (67, '2017-06-07', '2017-06-06', 31, 2);
INSERT INTO paiement (id, dateprevue, datereelle, intervention_id, rang) VALUES (68, '2017-08-04', NULL, 32, 1);
INSERT INTO paiement (id, dateprevue, datereelle, intervention_id, rang) VALUES (69, '2017-09-30', NULL, 32, 2);
INSERT INTO paiement (id, dateprevue, datereelle, intervention_id, rang) VALUES (70, '2017-04-11', '2017-04-28', 33, 1);
INSERT INTO paiement (id, dateprevue, datereelle, intervention_id, rang) VALUES (71, '2017-06-07', '2017-06-06', 33, 2);
INSERT INTO paiement (id, dateprevue, datereelle, intervention_id, rang) VALUES (72, '2017-08-04', NULL, 34, 1);
INSERT INTO paiement (id, dateprevue, datereelle, intervention_id, rang) VALUES (73, '2017-09-30', NULL, 34, 2);
INSERT INTO paiement (id, dateprevue, datereelle, intervention_id, rang) VALUES (74, '2017-04-11', '2017-04-28', 35, 1);
INSERT INTO paiement (id, dateprevue, datereelle, intervention_id, rang) VALUES (75, '2017-06-07', '2017-06-06', 35, 2);
INSERT INTO paiement (id, dateprevue, datereelle, intervention_id, rang) VALUES (76, '2017-08-04', NULL, 36, 1);
INSERT INTO paiement (id, dateprevue, datereelle, intervention_id, rang) VALUES (77, '2017-09-30', NULL, 36, 2);
INSERT INTO paiement (id, dateprevue, datereelle, intervention_id, rang) VALUES (78, '2017-04-11', '2017-04-28', 37, 1);
INSERT INTO paiement (id, dateprevue, datereelle, intervention_id, rang) VALUES (79, '2017-06-07', '2017-06-06', 37, 2);
INSERT INTO paiement (id, dateprevue, datereelle, intervention_id, rang) VALUES (80, '2017-04-08', NULL, 38, 1);
INSERT INTO paiement (id, dateprevue, datereelle, intervention_id, rang) VALUES (81, '2017-09-30', NULL, 38, 2);
INSERT INTO paiement (id, dateprevue, datereelle, intervention_id, rang) VALUES (82, '2017-05-19', '2017-05-17', 39, 1);
INSERT INTO paiement (id, dateprevue, datereelle, intervention_id, rang) VALUES (83, '2017-06-13', NULL, 39, 2);
INSERT INTO paiement (id, dateprevue, datereelle, intervention_id, rang) VALUES (84, '2017-07-15', NULL, 39, 3);
INSERT INTO paiement (id, dateprevue, datereelle, intervention_id, rang) VALUES (85, '2017-08-04', NULL, 40, 1);
INSERT INTO paiement (id, dateprevue, datereelle, intervention_id, rang) VALUES (86, '2017-08-24', NULL, 40, 2);
INSERT INTO paiement (id, dateprevue, datereelle, intervention_id, rang) VALUES (87, '2017-09-30', NULL, 40, 3);
INSERT INTO paiement (id, dateprevue, datereelle, intervention_id, rang) VALUES (88, '2017-05-19', '2017-05-17', 41, 1);
INSERT INTO paiement (id, dateprevue, datereelle, intervention_id, rang) VALUES (89, '2017-06-13', NULL, 41, 2);
INSERT INTO paiement (id, dateprevue, datereelle, intervention_id, rang) VALUES (90, '2017-07-15', NULL, 41, 3);
INSERT INTO paiement (id, dateprevue, datereelle, intervention_id, rang) VALUES (91, '2017-08-04', NULL, 42, 1);
INSERT INTO paiement (id, dateprevue, datereelle, intervention_id, rang) VALUES (92, '2017-08-24', NULL, 42, 2);
INSERT INTO paiement (id, dateprevue, datereelle, intervention_id, rang) VALUES (93, '2017-09-30', NULL, 42, 3);
INSERT INTO paiement (id, dateprevue, datereelle, intervention_id, rang) VALUES (94, '2017-05-19', '2017-05-17', 43, 1);
INSERT INTO paiement (id, dateprevue, datereelle, intervention_id, rang) VALUES (95, '2017-06-13', NULL, 43, 2);
INSERT INTO paiement (id, dateprevue, datereelle, intervention_id, rang) VALUES (96, '2017-07-15', NULL, 43, 3);
INSERT INTO paiement (id, dateprevue, datereelle, intervention_id, rang) VALUES (97, '2017-08-04', NULL, 44, 1);
INSERT INTO paiement (id, dateprevue, datereelle, intervention_id, rang) VALUES (98, '2017-08-24', NULL, 44, 2);
INSERT INTO paiement (id, dateprevue, datereelle, intervention_id, rang) VALUES (99, '2017-09-30', NULL, 44, 3);
INSERT INTO paiement (id, dateprevue, datereelle, intervention_id, rang) VALUES (100, '2017-05-19', '2017-05-17', 45, 1);
INSERT INTO paiement (id, dateprevue, datereelle, intervention_id, rang) VALUES (101, '2017-06-13', NULL, 45, 2);
INSERT INTO paiement (id, dateprevue, datereelle, intervention_id, rang) VALUES (102, '2017-07-15', NULL, 45, 3);
INSERT INTO paiement (id, dateprevue, datereelle, intervention_id, rang) VALUES (103, '2017-08-04', NULL, 46, 1);
INSERT INTO paiement (id, dateprevue, datereelle, intervention_id, rang) VALUES (104, '2017-08-24', NULL, 46, 2);
INSERT INTO paiement (id, dateprevue, datereelle, intervention_id, rang) VALUES (105, '2017-09-30', NULL, 46, 3);
INSERT INTO paiement (id, dateprevue, datereelle, intervention_id, rang) VALUES (106, '2017-04-08', '2017-04-27', 47, 1);
INSERT INTO paiement (id, dateprevue, datereelle, intervention_id, rang) VALUES (107, '2017-06-04', '2017-06-06', 47, 2);
INSERT INTO paiement (id, dateprevue, datereelle, intervention_id, rang) VALUES (108, '2017-08-04', '2017-08-04', 48, 1);
INSERT INTO paiement (id, dateprevue, datereelle, intervention_id, rang) VALUES (109, '2017-09-30', NULL, 48, 2);
INSERT INTO paiement (id, dateprevue, datereelle, intervention_id, rang) VALUES (110, '2017-04-08', '2017-04-21', 49, 1);
INSERT INTO paiement (id, dateprevue, datereelle, intervention_id, rang) VALUES (111, '2017-06-04', '2017-06-06', 49, 2);
INSERT INTO paiement (id, dateprevue, datereelle, intervention_id, rang) VALUES (112, '2017-08-04', NULL, 50, 1);
INSERT INTO paiement (id, dateprevue, datereelle, intervention_id, rang) VALUES (113, '2017-09-30', NULL, 50, 2);
INSERT INTO paiement (id, dateprevue, datereelle, intervention_id, rang) VALUES (114, '2017-04-08', '2017-04-27', 51, 1);
INSERT INTO paiement (id, dateprevue, datereelle, intervention_id, rang) VALUES (115, '2017-06-04', '2017-06-06', 51, 2);
INSERT INTO paiement (id, dateprevue, datereelle, intervention_id, rang) VALUES (116, '2017-08-04', NULL, 52, 1);
INSERT INTO paiement (id, dateprevue, datereelle, intervention_id, rang) VALUES (117, '2017-09-30', NULL, 52, 2);
INSERT INTO paiement (id, dateprevue, datereelle, intervention_id, rang) VALUES (118, '2017-08-04', '2017-04-27', 53, 1);
INSERT INTO paiement (id, dateprevue, datereelle, intervention_id, rang) VALUES (119, '2017-06-04', '2017-06-06', 53, 2);
INSERT INTO paiement (id, dateprevue, datereelle, intervention_id, rang) VALUES (120, '2017-08-04', NULL, 54, 1);
INSERT INTO paiement (id, dateprevue, datereelle, intervention_id, rang) VALUES (121, '2017-09-30', NULL, 54, 2);
INSERT INTO paiement (id, dateprevue, datereelle, intervention_id, rang) VALUES (122, '2017-04-02', '2017-04-14', 55, 1);
INSERT INTO paiement (id, dateprevue, datereelle, intervention_id, rang) VALUES (123, '2017-05-29', '2017-06-14', 55, 2);
INSERT INTO paiement (id, dateprevue, datereelle, intervention_id, rang) VALUES (126, '2017-09-30', NULL, 56, 3);
INSERT INTO paiement (id, dateprevue, datereelle, intervention_id, rang) VALUES (4, '2017-08-24', '2017-08-24', 2, 2);
INSERT INTO paiement (id, dateprevue, datereelle, intervention_id, rang) VALUES (124, '2017-08-04', NULL, 56, 1);
INSERT INTO paiement (id, dateprevue, datereelle, intervention_id, rang) VALUES (127, '2017-04-02', '2017-04-14', 57, 1);
INSERT INTO paiement (id, dateprevue, datereelle, intervention_id, rang) VALUES (128, '2017-05-29', '2017-06-14', 57, 2);
INSERT INTO paiement (id, dateprevue, datereelle, intervention_id, rang) VALUES (129, '2017-08-04', NULL, 58, 1);
INSERT INTO paiement (id, dateprevue, datereelle, intervention_id, rang) VALUES (130, '2017-08-24', NULL, 58, 2);
INSERT INTO paiement (id, dateprevue, datereelle, intervention_id, rang) VALUES (131, '2017-09-30', NULL, 58, 3);
INSERT INTO paiement (id, dateprevue, datereelle, intervention_id, rang) VALUES (132, '2017-04-02', '2017-04-14', 59, 1);
INSERT INTO paiement (id, dateprevue, datereelle, intervention_id, rang) VALUES (133, '2017-05-29', '2017-06-14', 59, 2);
INSERT INTO paiement (id, dateprevue, datereelle, intervention_id, rang) VALUES (134, '2017-04-08', NULL, 60, 1);
INSERT INTO paiement (id, dateprevue, datereelle, intervention_id, rang) VALUES (135, '2017-08-24', NULL, 60, 2);
INSERT INTO paiement (id, dateprevue, datereelle, intervention_id, rang) VALUES (136, '2017-09-30', NULL, 60, 3);
INSERT INTO paiement (id, dateprevue, datereelle, intervention_id, rang) VALUES (137, '2017-04-02', '2017-04-14', 61, 1);
INSERT INTO paiement (id, dateprevue, datereelle, intervention_id, rang) VALUES (138, '2017-05-29', '2017-06-14', 61, 2);
INSERT INTO paiement (id, dateprevue, datereelle, intervention_id, rang) VALUES (141, '2017-04-08', NULL, 63, 1);
INSERT INTO paiement (id, dateprevue, datereelle, intervention_id, rang) VALUES (142, '2017-08-24', NULL, 63, 2);
INSERT INTO paiement (id, dateprevue, datereelle, intervention_id, rang) VALUES (143, '2017-09-30', NULL, 63, 3);
INSERT INTO paiement (id, dateprevue, datereelle, intervention_id, rang) VALUES (144, '2017-04-02', '2017-04-14', 64, 1);
INSERT INTO paiement (id, dateprevue, datereelle, intervention_id, rang) VALUES (145, '2017-05-29', '2017-06-14', 64, 2);
INSERT INTO paiement (id, dateprevue, datereelle, intervention_id, rang) VALUES (146, '2017-08-04', NULL, 65, 1);
INSERT INTO paiement (id, dateprevue, datereelle, intervention_id, rang) VALUES (147, '2017-08-24', NULL, 65, 2);
INSERT INTO paiement (id, dateprevue, datereelle, intervention_id, rang) VALUES (148, '2017-09-30', NULL, 65, 3);
INSERT INTO paiement (id, dateprevue, datereelle, intervention_id, rang) VALUES (149, '2017-04-01', '2017-04-10', 66, 1);
INSERT INTO paiement (id, dateprevue, datereelle, intervention_id, rang) VALUES (150, '2017-05-28', '2017-05-31', 66, 2);
INSERT INTO paiement (id, dateprevue, datereelle, intervention_id, rang) VALUES (151, '2017-08-04', NULL, 67, 1);
INSERT INTO paiement (id, dateprevue, datereelle, intervention_id, rang) VALUES (152, '2017-09-30', NULL, 67, 2);
INSERT INTO paiement (id, dateprevue, datereelle, intervention_id, rang) VALUES (153, '2017-04-01', '2017-04-10', 68, 1);
INSERT INTO paiement (id, dateprevue, datereelle, intervention_id, rang) VALUES (154, '2017-05-28', '2017-05-31', 68, 2);
INSERT INTO paiement (id, dateprevue, datereelle, intervention_id, rang) VALUES (155, '2017-08-04', NULL, 69, 1);
INSERT INTO paiement (id, dateprevue, datereelle, intervention_id, rang) VALUES (156, '2017-09-30', NULL, 69, 2);
INSERT INTO paiement (id, dateprevue, datereelle, intervention_id, rang) VALUES (157, '2017-04-01', '2017-04-10', 70, 1);
INSERT INTO paiement (id, dateprevue, datereelle, intervention_id, rang) VALUES (158, '2017-05-28', '2017-05-31', 70, 2);
INSERT INTO paiement (id, dateprevue, datereelle, intervention_id, rang) VALUES (159, '2017-08-04', NULL, 71, 1);
INSERT INTO paiement (id, dateprevue, datereelle, intervention_id, rang) VALUES (160, '2017-09-30', NULL, 71, 2);
INSERT INTO paiement (id, dateprevue, datereelle, intervention_id, rang) VALUES (161, '2017-04-01', '2017-04-10', 72, 1);
INSERT INTO paiement (id, dateprevue, datereelle, intervention_id, rang) VALUES (162, '2017-05-28', '2017-05-31', 72, 2);
INSERT INTO paiement (id, dateprevue, datereelle, intervention_id, rang) VALUES (163, '2017-08-04', NULL, 73, 1);
INSERT INTO paiement (id, dateprevue, datereelle, intervention_id, rang) VALUES (164, '2017-09-30', NULL, 73, 2);
INSERT INTO paiement (id, dateprevue, datereelle, intervention_id, rang) VALUES (165, '2017-05-06', '2017-05-16', 74, 1);
INSERT INTO paiement (id, dateprevue, datereelle, intervention_id, rang) VALUES (166, '2017-05-31', '2017-06-08', 74, 2);
INSERT INTO paiement (id, dateprevue, datereelle, intervention_id, rang) VALUES (167, '2017-07-02', '2017-07-12', 74, 3);
INSERT INTO paiement (id, dateprevue, datereelle, intervention_id, rang) VALUES (168, '2017-08-04', NULL, 75, 1);
INSERT INTO paiement (id, dateprevue, datereelle, intervention_id, rang) VALUES (169, '2017-08-24', NULL, 75, 2);
INSERT INTO paiement (id, dateprevue, datereelle, intervention_id, rang) VALUES (170, '2017-09-30', NULL, 75, 3);
INSERT INTO paiement (id, dateprevue, datereelle, intervention_id, rang) VALUES (171, '2017-05-06', '2017-05-16', 76, 1);
INSERT INTO paiement (id, dateprevue, datereelle, intervention_id, rang) VALUES (172, '2017-05-31', '2017-06-08', 76, 2);
INSERT INTO paiement (id, dateprevue, datereelle, intervention_id, rang) VALUES (173, '2017-07-02', '2017-07-12', 76, 3);
INSERT INTO paiement (id, dateprevue, datereelle, intervention_id, rang) VALUES (174, '2017-08-04', NULL, 77, 1);
INSERT INTO paiement (id, dateprevue, datereelle, intervention_id, rang) VALUES (175, '2017-08-24', NULL, 77, 2);
INSERT INTO paiement (id, dateprevue, datereelle, intervention_id, rang) VALUES (176, '2017-09-30', NULL, 77, 3);
INSERT INTO paiement (id, dateprevue, datereelle, intervention_id, rang) VALUES (177, '2017-06-05', '2017-05-16', 78, 1);
INSERT INTO paiement (id, dateprevue, datereelle, intervention_id, rang) VALUES (178, '2017-05-31', '2017-06-08', 78, 2);
INSERT INTO paiement (id, dateprevue, datereelle, intervention_id, rang) VALUES (179, '2017-07-02', '2017-07-12', 78, 3);
INSERT INTO paiement (id, dateprevue, datereelle, intervention_id, rang) VALUES (180, '2017-08-04', NULL, 79, 1);
INSERT INTO paiement (id, dateprevue, datereelle, intervention_id, rang) VALUES (181, '2017-08-24', NULL, 79, 2);
INSERT INTO paiement (id, dateprevue, datereelle, intervention_id, rang) VALUES (182, '2017-09-30', NULL, 79, 3);
INSERT INTO paiement (id, dateprevue, datereelle, intervention_id, rang) VALUES (183, '2017-05-06', '2017-05-16', 80, 1);
INSERT INTO paiement (id, dateprevue, datereelle, intervention_id, rang) VALUES (184, '2017-05-31', '2017-06-08', 80, 2);
INSERT INTO paiement (id, dateprevue, datereelle, intervention_id, rang) VALUES (185, '2017-07-02', '2017-07-12', 80, 3);
INSERT INTO paiement (id, dateprevue, datereelle, intervention_id, rang) VALUES (224, '2017-09-30', NULL, 93, 3);
INSERT INTO paiement (id, dateprevue, datereelle, intervention_id, rang) VALUES (225, '2017-05-16', '2017-05-17', 94, 1);
INSERT INTO paiement (id, dateprevue, datereelle, intervention_id, rang) VALUES (226, '2017-06-10', '2017-06-15', 94, 2);
INSERT INTO paiement (id, dateprevue, datereelle, intervention_id, rang) VALUES (186, '2017-08-04', NULL, 81, 1);
INSERT INTO paiement (id, dateprevue, datereelle, intervention_id, rang) VALUES (187, '2017-08-24', NULL, 81, 2);
INSERT INTO paiement (id, dateprevue, datereelle, intervention_id, rang) VALUES (188, '2017-09-30', NULL, 81, 3);
INSERT INTO paiement (id, dateprevue, datereelle, intervention_id, rang) VALUES (189, '2017-05-06', '2017-05-16', 82, 1);
INSERT INTO paiement (id, dateprevue, datereelle, intervention_id, rang) VALUES (190, '2017-05-31', '2017-06-08', 82, 2);
INSERT INTO paiement (id, dateprevue, datereelle, intervention_id, rang) VALUES (191, '2017-07-02', '2017-07-12', 82, 3);
INSERT INTO paiement (id, dateprevue, datereelle, intervention_id, rang) VALUES (192, '2017-08-04', NULL, 83, 1);
INSERT INTO paiement (id, dateprevue, datereelle, intervention_id, rang) VALUES (193, '2017-08-24', NULL, 83, 2);
INSERT INTO paiement (id, dateprevue, datereelle, intervention_id, rang) VALUES (194, '2017-09-30', NULL, 83, 3);
INSERT INTO paiement (id, dateprevue, datereelle, intervention_id, rang) VALUES (195, '2017-05-06', '2017-05-18', 84, 1);
INSERT INTO paiement (id, dateprevue, datereelle, intervention_id, rang) VALUES (196, '2017-05-31', '2017-06-08', 84, 2);
INSERT INTO paiement (id, dateprevue, datereelle, intervention_id, rang) VALUES (197, '2017-07-02', '2017-07-11', 84, 3);
INSERT INTO paiement (id, dateprevue, datereelle, intervention_id, rang) VALUES (198, '2017-08-04', NULL, 85, 1);
INSERT INTO paiement (id, dateprevue, datereelle, intervention_id, rang) VALUES (199, '2017-08-24', NULL, 85, 2);
INSERT INTO paiement (id, dateprevue, datereelle, intervention_id, rang) VALUES (200, '2017-09-30', NULL, 85, 3);
INSERT INTO paiement (id, dateprevue, datereelle, intervention_id, rang) VALUES (201, '2017-05-06', '2017-05-18', 86, 1);
INSERT INTO paiement (id, dateprevue, datereelle, intervention_id, rang) VALUES (202, '2017-05-31', '2017-08-06', 86, 2);
INSERT INTO paiement (id, dateprevue, datereelle, intervention_id, rang) VALUES (203, '2017-07-02', '2017-07-11', 86, 3);
INSERT INTO paiement (id, dateprevue, datereelle, intervention_id, rang) VALUES (204, '2017-08-04', NULL, 87, 1);
INSERT INTO paiement (id, dateprevue, datereelle, intervention_id, rang) VALUES (205, '2017-08-24', NULL, 87, 2);
INSERT INTO paiement (id, dateprevue, datereelle, intervention_id, rang) VALUES (206, '2017-09-30', NULL, 87, 3);
INSERT INTO paiement (id, dateprevue, datereelle, intervention_id, rang) VALUES (207, '2017-05-18', '2017-05-31', 88, 1);
INSERT INTO paiement (id, dateprevue, datereelle, intervention_id, rang) VALUES (208, '2017-05-31', '2017-06-08', 88, 2);
INSERT INTO paiement (id, dateprevue, datereelle, intervention_id, rang) VALUES (209, '2017-07-02', '2017-07-11', 88, 3);
INSERT INTO paiement (id, dateprevue, datereelle, intervention_id, rang) VALUES (227, '2017-07-12', '2017-07-25', 94, 3);
INSERT INTO paiement (id, dateprevue, datereelle, intervention_id, rang) VALUES (210, '2017-08-04', NULL, 89, 1);
INSERT INTO paiement (id, dateprevue, datereelle, intervention_id, rang) VALUES (211, '2017-08-24', NULL, 89, 2);
INSERT INTO paiement (id, dateprevue, datereelle, intervention_id, rang) VALUES (212, '2017-09-30', NULL, 89, 3);
INSERT INTO paiement (id, dateprevue, datereelle, intervention_id, rang) VALUES (213, '2017-05-16', '2017-05-17', 90, 1);
INSERT INTO paiement (id, dateprevue, datereelle, intervention_id, rang) VALUES (214, '2017-06-10', '2017-06-10', 90, 2);
INSERT INTO paiement (id, dateprevue, datereelle, intervention_id, rang) VALUES (215, '2017-07-12', '2017-07-20', 90, 3);
INSERT INTO paiement (id, dateprevue, datereelle, intervention_id, rang) VALUES (228, '2017-08-04', NULL, 95, 1);
INSERT INTO paiement (id, dateprevue, datereelle, intervention_id, rang) VALUES (229, '2017-08-24', NULL, 95, 2);
INSERT INTO paiement (id, dateprevue, datereelle, intervention_id, rang) VALUES (216, '2017-08-04', NULL, 91, 1);
INSERT INTO paiement (id, dateprevue, datereelle, intervention_id, rang) VALUES (217, '2017-08-24', NULL, 91, 2);
INSERT INTO paiement (id, dateprevue, datereelle, intervention_id, rang) VALUES (218, '2017-09-30', NULL, 91, 3);
INSERT INTO paiement (id, dateprevue, datereelle, intervention_id, rang) VALUES (219, '2017-05-16', '2017-05-17', 92, 1);
INSERT INTO paiement (id, dateprevue, datereelle, intervention_id, rang) VALUES (220, '2017-06-10', '2017-06-15', 92, 2);
INSERT INTO paiement (id, dateprevue, datereelle, intervention_id, rang) VALUES (221, '2017-07-12', '2017-07-25', 92, 3);
INSERT INTO paiement (id, dateprevue, datereelle, intervention_id, rang) VALUES (230, '2017-09-30', NULL, 95, 3);
INSERT INTO paiement (id, dateprevue, datereelle, intervention_id, rang) VALUES (262, '2017-08-04', NULL, 107, 1);
INSERT INTO paiement (id, dateprevue, datereelle, intervention_id, rang) VALUES (222, '2017-08-04', NULL, 93, 1);
INSERT INTO paiement (id, dateprevue, datereelle, intervention_id, rang) VALUES (223, '2017-08-24', NULL, 93, 2);
INSERT INTO paiement (id, dateprevue, datereelle, intervention_id, rang) VALUES (231, '2017-05-16', '2017-05-17', 96, 1);
INSERT INTO paiement (id, dateprevue, datereelle, intervention_id, rang) VALUES (232, '2017-06-10', '2017-06-15', 96, 2);
INSERT INTO paiement (id, dateprevue, datereelle, intervention_id, rang) VALUES (233, '2017-07-12', '2017-07-25', 96, 3);
INSERT INTO paiement (id, dateprevue, datereelle, intervention_id, rang) VALUES (234, '2017-08-04', NULL, 97, 1);
INSERT INTO paiement (id, dateprevue, datereelle, intervention_id, rang) VALUES (235, '2017-08-24', NULL, 97, 2);
INSERT INTO paiement (id, dateprevue, datereelle, intervention_id, rang) VALUES (236, '2017-09-30', NULL, 97, 3);
INSERT INTO paiement (id, dateprevue, datereelle, intervention_id, rang) VALUES (237, '2017-05-16', '2017-05-17', 98, 1);
INSERT INTO paiement (id, dateprevue, datereelle, intervention_id, rang) VALUES (238, '2017-06-10', '2017-06-15', 98, 2);
INSERT INTO paiement (id, dateprevue, datereelle, intervention_id, rang) VALUES (239, '2017-07-12', '2017-07-25', 98, 3);
INSERT INTO paiement (id, dateprevue, datereelle, intervention_id, rang) VALUES (240, '2017-08-04', NULL, 99, 1);
INSERT INTO paiement (id, dateprevue, datereelle, intervention_id, rang) VALUES (241, '2017-08-24', NULL, 99, 2);
INSERT INTO paiement (id, dateprevue, datereelle, intervention_id, rang) VALUES (242, '2017-09-30', NULL, 99, 3);
INSERT INTO paiement (id, dateprevue, datereelle, intervention_id, rang) VALUES (243, '2017-05-16', '2017-05-17', 100, 1);
INSERT INTO paiement (id, dateprevue, datereelle, intervention_id, rang) VALUES (244, '2017-06-10', '2017-06-15', 100, 2);
INSERT INTO paiement (id, dateprevue, datereelle, intervention_id, rang) VALUES (245, '2017-07-12', '2017-07-25', 100, 3);
INSERT INTO paiement (id, dateprevue, datereelle, intervention_id, rang) VALUES (246, '2017-08-04', NULL, 101, 1);
INSERT INTO paiement (id, dateprevue, datereelle, intervention_id, rang) VALUES (247, '2017-08-24', NULL, 101, 2);
INSERT INTO paiement (id, dateprevue, datereelle, intervention_id, rang) VALUES (248, '2017-09-30', NULL, 101, 3);
INSERT INTO paiement (id, dateprevue, datereelle, intervention_id, rang) VALUES (249, '2017-04-01', '2017-04-10', 102, 1);
INSERT INTO paiement (id, dateprevue, datereelle, intervention_id, rang) VALUES (250, '2017-05-28', '2017-05-31', 102, 2);
INSERT INTO paiement (id, dateprevue, datereelle, intervention_id, rang) VALUES (251, '2017-08-04', NULL, 103, 1);
INSERT INTO paiement (id, dateprevue, datereelle, intervention_id, rang) VALUES (252, '2017-08-24', NULL, 103, 2);
INSERT INTO paiement (id, dateprevue, datereelle, intervention_id, rang) VALUES (253, '2017-09-30', NULL, 103, 3);
INSERT INTO paiement (id, dateprevue, datereelle, intervention_id, rang) VALUES (254, '2017-04-01', '2017-04-10', 104, 1);
INSERT INTO paiement (id, dateprevue, datereelle, intervention_id, rang) VALUES (255, '2017-05-28', '2017-05-31', 104, 2);
INSERT INTO paiement (id, dateprevue, datereelle, intervention_id, rang) VALUES (256, '2017-08-04', NULL, 105, 1);
INSERT INTO paiement (id, dateprevue, datereelle, intervention_id, rang) VALUES (257, '2017-08-24', NULL, 105, 2);
INSERT INTO paiement (id, dateprevue, datereelle, intervention_id, rang) VALUES (258, '2017-09-30', NULL, 105, 3);
INSERT INTO paiement (id, dateprevue, datereelle, intervention_id, rang) VALUES (259, '2017-03-18', '2017-03-13', 106, 1);
INSERT INTO paiement (id, dateprevue, datereelle, intervention_id, rang) VALUES (260, '2017-04-12', '2017-04-20', 106, 2);
INSERT INTO paiement (id, dateprevue, datereelle, intervention_id, rang) VALUES (261, '2017-05-14', '2017-05-15', 106, 3);
INSERT INTO paiement (id, dateprevue, datereelle, intervention_id, rang) VALUES (263, '2017-08-24', NULL, 107, 2);
INSERT INTO paiement (id, dateprevue, datereelle, intervention_id, rang) VALUES (264, '2017-09-30', NULL, 107, 3);
INSERT INTO paiement (id, dateprevue, datereelle, intervention_id, rang) VALUES (265, '2017-03-18', '2017-03-13', 108, 1);
INSERT INTO paiement (id, dateprevue, datereelle, intervention_id, rang) VALUES (266, '2017-04-12', '2017-04-20', 108, 2);
INSERT INTO paiement (id, dateprevue, datereelle, intervention_id, rang) VALUES (267, '2017-05-14', '2017-05-15', 108, 3);
INSERT INTO paiement (id, dateprevue, datereelle, intervention_id, rang) VALUES (268, '2017-08-04', NULL, 109, 1);
INSERT INTO paiement (id, dateprevue, datereelle, intervention_id, rang) VALUES (269, '2017-08-24', NULL, 109, 2);
INSERT INTO paiement (id, dateprevue, datereelle, intervention_id, rang) VALUES (270, '2017-09-30', NULL, 109, 3);
INSERT INTO paiement (id, dateprevue, datereelle, intervention_id, rang) VALUES (271, '2017-03-18', '2017-03-13', 110, 1);
INSERT INTO paiement (id, dateprevue, datereelle, intervention_id, rang) VALUES (272, '2017-04-12', '2017-04-20', 110, 2);
INSERT INTO paiement (id, dateprevue, datereelle, intervention_id, rang) VALUES (273, '2017-05-14', '2017-05-15', 110, 3);
INSERT INTO paiement (id, dateprevue, datereelle, intervention_id, rang) VALUES (274, '2017-08-04', NULL, 111, 1);
INSERT INTO paiement (id, dateprevue, datereelle, intervention_id, rang) VALUES (275, '2017-08-24', NULL, 111, 2);
INSERT INTO paiement (id, dateprevue, datereelle, intervention_id, rang) VALUES (276, '2017-09-30', NULL, 111, 3);
INSERT INTO paiement (id, dateprevue, datereelle, intervention_id, rang) VALUES (277, '2017-03-18', '2017-03-13', 112, 1);
INSERT INTO paiement (id, dateprevue, datereelle, intervention_id, rang) VALUES (278, '2017-04-12', '2017-04-20', 112, 2);
INSERT INTO paiement (id, dateprevue, datereelle, intervention_id, rang) VALUES (279, '2017-05-14', '2017-05-15', 112, 3);
INSERT INTO paiement (id, dateprevue, datereelle, intervention_id, rang) VALUES (280, '2017-08-04', NULL, 113, 1);
INSERT INTO paiement (id, dateprevue, datereelle, intervention_id, rang) VALUES (281, '2017-08-24', NULL, 113, 2);
INSERT INTO paiement (id, dateprevue, datereelle, intervention_id, rang) VALUES (282, '2017-09-30', NULL, 113, 3);
INSERT INTO paiement (id, dateprevue, datereelle, intervention_id, rang) VALUES (286, '2017-03-18', '2017-03-13', 115, 1);
INSERT INTO paiement (id, dateprevue, datereelle, intervention_id, rang) VALUES (3, '2017-08-04', '2017-08-28', 2, 1);
INSERT INTO paiement (id, dateprevue, datereelle, intervention_id, rang) VALUES (287, '2017-04-12', '2017-04-20', 115, 2);
INSERT INTO paiement (id, dateprevue, datereelle, intervention_id, rang) VALUES (288, '2017-05-14', '2017-05-15', 115, 3);
INSERT INTO paiement (id, dateprevue, datereelle, intervention_id, rang) VALUES (289, '2017-08-04', NULL, 116, 1);
INSERT INTO paiement (id, dateprevue, datereelle, intervention_id, rang) VALUES (290, '2017-08-24', NULL, 116, 2);
INSERT INTO paiement (id, dateprevue, datereelle, intervention_id, rang) VALUES (291, '2017-09-30', NULL, 116, 3);
INSERT INTO paiement (id, dateprevue, datereelle, intervention_id, rang) VALUES (292, '2017-03-18', '2017-03-13', 117, 1);
INSERT INTO paiement (id, dateprevue, datereelle, intervention_id, rang) VALUES (293, '2017-04-12', '42017-02-01', 117, 2);
INSERT INTO paiement (id, dateprevue, datereelle, intervention_id, rang) VALUES (294, '2017-05-14', '2017-05-15', 117, 3);
INSERT INTO paiement (id, dateprevue, datereelle, intervention_id, rang) VALUES (295, '2017-08-04', NULL, 118, 1);
INSERT INTO paiement (id, dateprevue, datereelle, intervention_id, rang) VALUES (296, '2017-08-24', NULL, 118, 2);
INSERT INTO paiement (id, dateprevue, datereelle, intervention_id, rang) VALUES (297, '2017-09-30', NULL, 118, 3);
INSERT INTO paiement (id, dateprevue, datereelle, intervention_id, rang) VALUES (298, '2017-03-18', '2017-03-13', 119, 1);
INSERT INTO paiement (id, dateprevue, datereelle, intervention_id, rang) VALUES (299, '2017-04-12', '2017-04-20', 119, 2);
INSERT INTO paiement (id, dateprevue, datereelle, intervention_id, rang) VALUES (300, '2017-05-14', '2017-05-15', 119, 3);
INSERT INTO paiement (id, dateprevue, datereelle, intervention_id, rang) VALUES (301, '2017-08-04', NULL, 120, 1);
INSERT INTO paiement (id, dateprevue, datereelle, intervention_id, rang) VALUES (302, '2017-08-24', NULL, 120, 2);
INSERT INTO paiement (id, dateprevue, datereelle, intervention_id, rang) VALUES (303, '2017-09-30', NULL, 120, 3);
INSERT INTO paiement (id, dateprevue, datereelle, intervention_id, rang) VALUES (304, '2017-03-18', '2017-03-13', 121, 1);
INSERT INTO paiement (id, dateprevue, datereelle, intervention_id, rang) VALUES (305, '2017-04-12', '2017-04-20', 121, 2);
INSERT INTO paiement (id, dateprevue, datereelle, intervention_id, rang) VALUES (306, '2017-05-14', '2017-05-15', 121, 3);
INSERT INTO paiement (id, dateprevue, datereelle, intervention_id, rang) VALUES (307, '2017-08-04', NULL, 122, 1);
INSERT INTO paiement (id, dateprevue, datereelle, intervention_id, rang) VALUES (308, '2017-08-24', NULL, 122, 2);
INSERT INTO paiement (id, dateprevue, datereelle, intervention_id, rang) VALUES (309, '2017-09-30', NULL, 122, 3);
INSERT INTO paiement (id, dateprevue, datereelle, intervention_id, rang) VALUES (310, '2017-03-18', '2017-03-13', 123, 1);
INSERT INTO paiement (id, dateprevue, datereelle, intervention_id, rang) VALUES (311, '2017-04-12', '2017-04-20', 123, 2);
INSERT INTO paiement (id, dateprevue, datereelle, intervention_id, rang) VALUES (312, '2017-05-14', '2017-05-15', 123, 3);
INSERT INTO paiement (id, dateprevue, datereelle, intervention_id, rang) VALUES (313, '2017-08-04', NULL, 124, 1);
INSERT INTO paiement (id, dateprevue, datereelle, intervention_id, rang) VALUES (314, '2017-08-24', NULL, 124, 2);
INSERT INTO paiement (id, dateprevue, datereelle, intervention_id, rang) VALUES (315, '2017-09-30', NULL, 124, 3);
INSERT INTO paiement (id, dateprevue, datereelle, intervention_id, rang) VALUES (316, '2017-03-18', '2017-03-13', 125, 1);
INSERT INTO paiement (id, dateprevue, datereelle, intervention_id, rang) VALUES (317, '2017-04-12', '2017-04-21', 125, 2);
INSERT INTO paiement (id, dateprevue, datereelle, intervention_id, rang) VALUES (318, '2017-05-14', '2017-05-15', 125, 3);
INSERT INTO paiement (id, dateprevue, datereelle, intervention_id, rang) VALUES (319, '2017-08-04', NULL, 126, 1);
INSERT INTO paiement (id, dateprevue, datereelle, intervention_id, rang) VALUES (320, '2017-08-24', NULL, 126, 2);
INSERT INTO paiement (id, dateprevue, datereelle, intervention_id, rang) VALUES (321, '2017-09-30', NULL, 126, 3);
INSERT INTO paiement (id, dateprevue, datereelle, intervention_id, rang) VALUES (322, '2017-03-18', '2017-03-13', 127, 1);
INSERT INTO paiement (id, dateprevue, datereelle, intervention_id, rang) VALUES (323, '2017-04-12', '2017-04-21', 127, 2);
INSERT INTO paiement (id, dateprevue, datereelle, intervention_id, rang) VALUES (324, '2017-05-14', '2017-05-15', 127, 3);
INSERT INTO paiement (id, dateprevue, datereelle, intervention_id, rang) VALUES (325, '2017-08-04', NULL, 128, 1);
INSERT INTO paiement (id, dateprevue, datereelle, intervention_id, rang) VALUES (326, '2017-08-24', NULL, 128, 2);
INSERT INTO paiement (id, dateprevue, datereelle, intervention_id, rang) VALUES (327, '2017-09-30', NULL, 128, 3);
INSERT INTO paiement (id, dateprevue, datereelle, intervention_id, rang) VALUES (328, '2017-03-18', '2017-03-13', 129, 1);
INSERT INTO paiement (id, dateprevue, datereelle, intervention_id, rang) VALUES (329, '2017-04-12', '2017-04-21', 129, 2);
INSERT INTO paiement (id, dateprevue, datereelle, intervention_id, rang) VALUES (330, '2017-05-14', '2017-05-15', 129, 3);
INSERT INTO paiement (id, dateprevue, datereelle, intervention_id, rang) VALUES (331, '2017-08-04', NULL, 130, 1);
INSERT INTO paiement (id, dateprevue, datereelle, intervention_id, rang) VALUES (332, '2017-08-24', NULL, 130, 2);
INSERT INTO paiement (id, dateprevue, datereelle, intervention_id, rang) VALUES (333, '2017-09-30', NULL, 130, 3);
INSERT INTO paiement (id, dateprevue, datereelle, intervention_id, rang) VALUES (334, '2017-03-18', '2017-03-13', 131, 1);
INSERT INTO paiement (id, dateprevue, datereelle, intervention_id, rang) VALUES (335, '2017-04-12', '2017-04-21', 131, 2);
INSERT INTO paiement (id, dateprevue, datereelle, intervention_id, rang) VALUES (336, '2017-05-14', '2017-05-15', 131, 3);
INSERT INTO paiement (id, dateprevue, datereelle, intervention_id, rang) VALUES (337, '2017-08-04', NULL, 132, 1);
INSERT INTO paiement (id, dateprevue, datereelle, intervention_id, rang) VALUES (338, '2017-08-24', NULL, 132, 2);
INSERT INTO paiement (id, dateprevue, datereelle, intervention_id, rang) VALUES (339, '2017-09-30', NULL, 132, 3);
INSERT INTO paiement (id, dateprevue, datereelle, intervention_id, rang) VALUES (340, '2017-03-18', '2017-03-13', 133, 1);
INSERT INTO paiement (id, dateprevue, datereelle, intervention_id, rang) VALUES (341, '2017-04-12', '2017-04-21', 133, 2);
INSERT INTO paiement (id, dateprevue, datereelle, intervention_id, rang) VALUES (342, '2017-05-14', '2017-05-15', 133, 3);
INSERT INTO paiement (id, dateprevue, datereelle, intervention_id, rang) VALUES (343, '2017-08-04', NULL, 134, 1);
INSERT INTO paiement (id, dateprevue, datereelle, intervention_id, rang) VALUES (344, '2017-08-24', NULL, 134, 2);
INSERT INTO paiement (id, dateprevue, datereelle, intervention_id, rang) VALUES (345, '2017-09-30', NULL, 134, 3);


--
-- TOC entry 2209 (class 0 OID 0)
-- Dependencies: 199
-- Name: paiement_id_seq; Type: SEQUENCE SET; Schema: public; Owner: postgres
--

SELECT pg_catalog.setval('paiement_id_seq', 345, true);


--
-- TOC entry 2164 (class 0 OID 18287)
-- Dependencies: 187
-- Data for Name: phase; Type: TABLE DATA; Schema: public; Owner: postgres
--

INSERT INTO phase (id, valeur) VALUES (1, 'INIT');
INSERT INTO phase (id, valeur) VALUES (2, 'RT');
INSERT INTO phase (id, valeur) VALUES (3, 'RTX');
INSERT INTO phase (id, valeur) VALUES (4, 'TR');
INSERT INTO phase (id, valeur) VALUES (5, 'MPP');


--
-- TOC entry 2210 (class 0 OID 0)
-- Dependencies: 186
-- Name: phase_id_seq; Type: SEQUENCE SET; Schema: public; Owner: postgres
--

SELECT pg_catalog.setval('phase_id_seq', 5, true);


--
-- TOC entry 2154 (class 0 OID 18170)
-- Dependencies: 177
-- Data for Name: prestataire; Type: TABLE DATA; Schema: public; Owner: postgres
--

INSERT INTO prestataire (id, nom) VALUES (2, 'YMCA');
INSERT INTO prestataire (id, nom) VALUES (4, 'VONJY 4 ');
INSERT INTO prestataire (id, nom) VALUES (5, 'MITAFA');
INSERT INTO prestataire (id, nom) VALUES (6, 'ADID - JDM - VATOSOA');
INSERT INTO prestataire (id, nom) VALUES (7, 'ACDM');
INSERT INTO prestataire (id, nom) VALUES (8, 'NASANDRATRA');
INSERT INTO prestataire (id, nom) VALUES (3, 'MIASA');
INSERT INTO prestataire (id, nom) VALUES (1, 'TSINJOMEVA - NOMENIAVO - SECONDE CHANCE');


--
-- TOC entry 2211 (class 0 OID 0)
-- Dependencies: 176
-- Name: prestataire_id_seq; Type: SEQUENCE SET; Schema: public; Owner: postgres
--

SELECT pg_catalog.setval('prestataire_id_seq', 10, true);


--
-- TOC entry 2160 (class 0 OID 18194)
-- Dependencies: 183
-- Data for Name: terroir; Type: TABLE DATA; Schema: public; Owner: postgres
--

INSERT INTO terroir (id, nom, dir_id, district_id, nbsa, dpengplan, drengplan, codemarcheplan, dpfinplan, drfinplan, montantreelplan, dpapprobpamo, drapprobpamo, montanttotalpamo, dpengcible, drengcible, codemarchecible, dpfincible, drfincible, montantreelcible, dvalidcom, dpengagec, drengagec, codemarcheagec, dpfinagec, drfinagec, montanttotalagec, montanttotalconfieagec, codemarchepaie, montantreelpaie, prevsurftraiteeces, realsurftraiteeces, prevsurfreboiseefsp, realsurfreboiseefsp, libelleautreindic, prevautreindic, realautreindic, observationindic, prestataireagec_id, prestataireplan_id, prestatairecible_id, agencepaiement_id, cp_id) VALUES (4, 'SOAMANANDRARINY', 1, 1, 0, NULL, NULL, '', NULL, NULL, 0, NULL, NULL, 0, NULL, NULL, '', NULL, NULL, 0, NULL, NULL, NULL, '', NULL, NULL, 0, 0, '', 0, NULL, NULL, NULL, NULL, '', 0, 0, '', 3, NULL, NULL, 7, 8);
INSERT INTO terroir (id, nom, dir_id, district_id, nbsa, dpengplan, drengplan, codemarcheplan, dpfinplan, drfinplan, montantreelplan, dpapprobpamo, drapprobpamo, montanttotalpamo, dpengcible, drengcible, codemarchecible, dpfincible, drfincible, montantreelcible, dvalidcom, dpengagec, drengagec, codemarcheagec, dpfinagec, drfinagec, montanttotalagec, montanttotalconfieagec, codemarchepaie, montantreelpaie, prevsurftraiteeces, realsurftraiteeces, prevsurfreboiseefsp, realsurfreboiseefsp, libelleautreindic, prevautreindic, realautreindic, observationindic, prestataireagec_id, prestataireplan_id, prestatairecible_id, agencepaiement_id, cp_id) VALUES (5, 'AMBATODIDY', 1, 1, 0, NULL, NULL, '', NULL, NULL, 0, NULL, NULL, 0, NULL, NULL, '', NULL, NULL, 0, NULL, NULL, NULL, '', NULL, NULL, 0, 0, '', 0, NULL, NULL, NULL, NULL, '', 0, 0, '', 4, NULL, NULL, 7, 9);
INSERT INTO terroir (id, nom, dir_id, district_id, nbsa, dpengplan, drengplan, codemarcheplan, dpfinplan, drfinplan, montantreelplan, dpapprobpamo, drapprobpamo, montanttotalpamo, dpengcible, drengcible, codemarchecible, dpfincible, drfincible, montantreelcible, dvalidcom, dpengagec, drengagec, codemarcheagec, dpfinagec, drfinagec, montanttotalagec, montanttotalconfieagec, codemarchepaie, montantreelpaie, prevsurftraiteeces, realsurftraiteeces, prevsurfreboiseefsp, realsurfreboiseefsp, libelleautreindic, prevautreindic, realautreindic, observationindic, prestataireagec_id, prestataireplan_id, prestatairecible_id, agencepaiement_id, cp_id) VALUES (6, 'AMBOHITOMPOINA', 1, 1, 0, NULL, NULL, '', NULL, NULL, 0, NULL, NULL, 0, NULL, NULL, '', NULL, NULL, 0, NULL, NULL, NULL, '', NULL, NULL, 0, 0, '', 0, NULL, NULL, NULL, NULL, '', 0, 0, '', 1, NULL, NULL, 8, 2);
INSERT INTO terroir (id, nom, dir_id, district_id, nbsa, dpengplan, drengplan, codemarcheplan, dpfinplan, drfinplan, montantreelplan, dpapprobpamo, drapprobpamo, montanttotalpamo, dpengcible, drengcible, codemarchecible, dpfincible, drfincible, montantreelcible, dvalidcom, dpengagec, drengagec, codemarcheagec, dpfinagec, drfinagec, montanttotalagec, montanttotalconfieagec, codemarchepaie, montantreelpaie, prevsurftraiteeces, realsurftraiteeces, prevsurfreboiseefsp, realsurfreboiseefsp, libelleautreindic, prevautreindic, realautreindic, observationindic, prestataireagec_id, prestataireplan_id, prestatairecible_id, agencepaiement_id, cp_id) VALUES (7, 'AMBATOLAHY', 1, 1, 0, NULL, NULL, '', NULL, NULL, 0, NULL, NULL, 0, NULL, NULL, '', NULL, NULL, 0, NULL, NULL, NULL, '', NULL, NULL, 0, 0, '', 0, 0, 0, 0, 0, '', 0, 0, '', 4, NULL, NULL, 7, 9);
INSERT INTO terroir (id, nom, dir_id, district_id, nbsa, dpengplan, drengplan, codemarcheplan, dpfinplan, drfinplan, montantreelplan, dpapprobpamo, drapprobpamo, montanttotalpamo, dpengcible, drengcible, codemarchecible, dpfincible, drfincible, montantreelcible, dvalidcom, dpengagec, drengagec, codemarcheagec, dpfinagec, drfinagec, montanttotalagec, montanttotalconfieagec, codemarchepaie, montantreelpaie, prevsurftraiteeces, realsurftraiteeces, prevsurfreboiseefsp, realsurfreboiseefsp, libelleautreindic, prevautreindic, realautreindic, observationindic, prestataireagec_id, prestataireplan_id, prestatairecible_id, agencepaiement_id, cp_id) VALUES (8, 'ANTAMBOHOMENA', 1, 1, 0, NULL, NULL, '', NULL, NULL, 0, NULL, NULL, 0, NULL, NULL, '', NULL, NULL, 0, NULL, NULL, NULL, '', NULL, NULL, 0, 0, '', 0, 0, 0, 0, 0, '', 0, 0, '', 5, NULL, NULL, 8, 8);
INSERT INTO terroir (id, nom, dir_id, district_id, nbsa, dpengplan, drengplan, codemarcheplan, dpfinplan, drfinplan, montantreelplan, dpapprobpamo, drapprobpamo, montanttotalpamo, dpengcible, drengcible, codemarchecible, dpfincible, drfincible, montantreelcible, dvalidcom, dpengagec, drengagec, codemarcheagec, dpfinagec, drfinagec, montanttotalagec, montanttotalconfieagec, codemarchepaie, montantreelpaie, prevsurftraiteeces, realsurftraiteeces, prevsurfreboiseefsp, realsurfreboiseefsp, libelleautreindic, prevautreindic, realautreindic, observationindic, prestataireagec_id, prestataireplan_id, prestatairecible_id, agencepaiement_id, cp_id) VALUES (9, 'AMBATOMIADY', 1, 1, 0, NULL, NULL, '', NULL, NULL, 0, NULL, NULL, 0, NULL, NULL, '', NULL, NULL, 0, NULL, NULL, NULL, '', NULL, NULL, 0, 0, '', 0, 0, 0, 0, 0, '', 0, 0, '', 5, NULL, NULL, 8, 8);
INSERT INTO terroir (id, nom, dir_id, district_id, nbsa, dpengplan, drengplan, codemarcheplan, dpfinplan, drfinplan, montantreelplan, dpapprobpamo, drapprobpamo, montanttotalpamo, dpengcible, drengcible, codemarchecible, dpfincible, drfincible, montantreelcible, dvalidcom, dpengagec, drengagec, codemarcheagec, dpfinagec, drfinagec, montanttotalagec, montanttotalconfieagec, codemarchepaie, montantreelpaie, prevsurftraiteeces, realsurftraiteeces, prevsurfreboiseefsp, realsurfreboiseefsp, libelleautreindic, prevautreindic, realautreindic, observationindic, prestataireagec_id, prestataireplan_id, prestatairecible_id, agencepaiement_id, cp_id) VALUES (10, 'TSARAHONENANA', 1, 1, 0, NULL, NULL, '', NULL, NULL, 0, NULL, NULL, 0, NULL, NULL, '', NULL, NULL, 0, NULL, NULL, NULL, '', NULL, NULL, 0, 0, '', 0, 0, 0, 0, 0, '', 0, 0, '', 6, NULL, NULL, 5, 7);
INSERT INTO terroir (id, nom, dir_id, district_id, nbsa, dpengplan, drengplan, codemarcheplan, dpfinplan, drfinplan, montantreelplan, dpapprobpamo, drapprobpamo, montanttotalpamo, dpengcible, drengcible, codemarchecible, dpfincible, drfincible, montantreelcible, dvalidcom, dpengagec, drengagec, codemarcheagec, dpfinagec, drfinagec, montanttotalagec, montanttotalconfieagec, codemarchepaie, montantreelpaie, prevsurftraiteeces, realsurftraiteeces, prevsurfreboiseefsp, realsurfreboiseefsp, libelleautreindic, prevautreindic, realautreindic, observationindic, prestataireagec_id, prestataireplan_id, prestatairecible_id, agencepaiement_id, cp_id) VALUES (11, 'AMPITATAFIKA', 1, 1, 0, NULL, NULL, '', NULL, NULL, 0, NULL, NULL, 0, NULL, NULL, '', NULL, NULL, 0, NULL, NULL, NULL, '', NULL, NULL, 0, 0, '', 0, NULL, NULL, NULL, NULL, '', 0, 0, '', 8, NULL, NULL, 8, 7);
INSERT INTO terroir (id, nom, dir_id, district_id, nbsa, dpengplan, drengplan, codemarcheplan, dpfinplan, drfinplan, montantreelplan, dpapprobpamo, drapprobpamo, montanttotalpamo, dpengcible, drengcible, codemarchecible, dpfincible, drfincible, montantreelcible, dvalidcom, dpengagec, drengagec, codemarcheagec, dpfinagec, drfinagec, montanttotalagec, montanttotalconfieagec, codemarchepaie, montantreelpaie, prevsurftraiteeces, realsurftraiteeces, prevsurfreboiseefsp, realsurfreboiseefsp, libelleautreindic, prevautreindic, realautreindic, observationindic, prestataireagec_id, prestataireplan_id, prestatairecible_id, agencepaiement_id, cp_id) VALUES (12, 'AMBOHIMANDROSO A', 1, 1, 0, NULL, NULL, '', NULL, NULL, 0, NULL, NULL, 0, NULL, NULL, '', NULL, NULL, 0, NULL, NULL, NULL, '', NULL, NULL, 0, 0, '', 0, 0, 0, 0, 0, '', 0, 0, '', 8, NULL, NULL, 2, 7);
INSERT INTO terroir (id, nom, dir_id, district_id, nbsa, dpengplan, drengplan, codemarcheplan, dpfinplan, drfinplan, montantreelplan, dpapprobpamo, drapprobpamo, montanttotalpamo, dpengcible, drengcible, codemarchecible, dpfincible, drfincible, montantreelcible, dvalidcom, dpengagec, drengagec, codemarcheagec, dpfinagec, drfinagec, montanttotalagec, montanttotalconfieagec, codemarchepaie, montantreelpaie, prevsurftraiteeces, realsurftraiteeces, prevsurfreboiseefsp, realsurfreboiseefsp, libelleautreindic, prevautreindic, realautreindic, observationindic, prestataireagec_id, prestataireplan_id, prestatairecible_id, agencepaiement_id, cp_id) VALUES (13, 'AMBATOTOKANA', 1, 1, 0, NULL, NULL, '', NULL, NULL, 0, NULL, NULL, 0, NULL, NULL, '', NULL, NULL, 0, NULL, NULL, NULL, '', NULL, NULL, 0, 0, '', 0, 0, 0, 0, 0, '', 0, 0, '', 7, NULL, NULL, 8, 10);
INSERT INTO terroir (id, nom, dir_id, district_id, nbsa, dpengplan, drengplan, codemarcheplan, dpfinplan, drfinplan, montantreelplan, dpapprobpamo, drapprobpamo, montanttotalpamo, dpengcible, drengcible, codemarchecible, dpfincible, drfincible, montantreelcible, dvalidcom, dpengagec, drengagec, codemarcheagec, dpfinagec, drfinagec, montanttotalagec, montanttotalconfieagec, codemarchepaie, montantreelpaie, prevsurftraiteeces, realsurftraiteeces, prevsurfreboiseefsp, realsurfreboiseefsp, libelleautreindic, prevautreindic, realautreindic, observationindic, prestataireagec_id, prestataireplan_id, prestatairecible_id, agencepaiement_id, cp_id) VALUES (14, 'AMBOHIKAMBANA', 1, 1, 0, NULL, NULL, '', NULL, NULL, 0, NULL, NULL, 0, NULL, NULL, '', NULL, NULL, 0, NULL, NULL, NULL, '', NULL, NULL, 0, 0, '', 0, 0, 0, 0, 0, '', 0, 0, '', 7, NULL, NULL, 8, 10);
INSERT INTO terroir (id, nom, dir_id, district_id, nbsa, dpengplan, drengplan, codemarcheplan, dpfinplan, drfinplan, montantreelplan, dpapprobpamo, drapprobpamo, montanttotalpamo, dpengcible, drengcible, codemarchecible, dpfincible, drfincible, montantreelcible, dvalidcom, dpengagec, drengagec, codemarcheagec, dpfinagec, drfinagec, montanttotalagec, montanttotalconfieagec, codemarchepaie, montantreelpaie, prevsurftraiteeces, realsurftraiteeces, prevsurfreboiseefsp, realsurfreboiseefsp, libelleautreindic, prevautreindic, realautreindic, observationindic, prestataireagec_id, prestataireplan_id, prestatairecible_id, agencepaiement_id, cp_id) VALUES (1, 'BELANITRA', 1, 1, 0, NULL, NULL, '', NULL, NULL, 0, NULL, NULL, 0, NULL, NULL, '', NULL, NULL, 0, NULL, NULL, NULL, '', NULL, NULL, 0, 30, '', 0, NULL, NULL, NULL, NULL, '', 0, 0, '', 1, 5, NULL, 5, 2);
INSERT INTO terroir (id, nom, dir_id, district_id, nbsa, dpengplan, drengplan, codemarcheplan, dpfinplan, drfinplan, montantreelplan, dpapprobpamo, drapprobpamo, montanttotalpamo, dpengcible, drengcible, codemarchecible, dpfincible, drfincible, montantreelcible, dvalidcom, dpengagec, drengagec, codemarcheagec, dpfinagec, drfinagec, montanttotalagec, montanttotalconfieagec, codemarchepaie, montantreelpaie, prevsurftraiteeces, realsurftraiteeces, prevsurfreboiseefsp, realsurfreboiseefsp, libelleautreindic, prevautreindic, realautreindic, observationindic, prestataireagec_id, prestataireplan_id, prestatairecible_id, agencepaiement_id, cp_id) VALUES (15, 'MAHATSINJO', 1, 1, 0, NULL, NULL, '', NULL, NULL, 0, NULL, NULL, 0, NULL, NULL, '', NULL, NULL, 0, NULL, NULL, NULL, '', NULL, NULL, 0, 0, '', 0, NULL, NULL, NULL, NULL, '', 0, 0, '', 6, NULL, NULL, 5, 2);
INSERT INTO terroir (id, nom, dir_id, district_id, nbsa, dpengplan, drengplan, codemarcheplan, dpfinplan, drfinplan, montantreelplan, dpapprobpamo, drapprobpamo, montanttotalpamo, dpengcible, drengcible, codemarchecible, dpfincible, drfincible, montantreelcible, dvalidcom, dpengagec, drengagec, codemarcheagec, dpfinagec, drfinagec, montanttotalagec, montanttotalconfieagec, codemarchepaie, montantreelpaie, prevsurftraiteeces, realsurftraiteeces, prevsurfreboiseefsp, realsurfreboiseefsp, libelleautreindic, prevautreindic, realautreindic, observationindic, prestataireagec_id, prestataireplan_id, prestatairecible_id, agencepaiement_id, cp_id) VALUES (2, 'AMBILONA', 1, 1, 0, NULL, NULL, '', NULL, NULL, 0, NULL, NULL, 0, NULL, NULL, '', NULL, NULL, 0, NULL, NULL, NULL, '', NULL, NULL, 0, 0, '', 0, NULL, NULL, NULL, NULL, '', 0, 0, '', 2, NULL, NULL, 6, 9);
INSERT INTO terroir (id, nom, dir_id, district_id, nbsa, dpengplan, drengplan, codemarcheplan, dpfinplan, drfinplan, montantreelplan, dpapprobpamo, drapprobpamo, montanttotalpamo, dpengcible, drengcible, codemarchecible, dpfincible, drfincible, montantreelcible, dvalidcom, dpengagec, drengagec, codemarcheagec, dpfinagec, drfinagec, montanttotalagec, montanttotalconfieagec, codemarchepaie, montantreelpaie, prevsurftraiteeces, realsurftraiteeces, prevsurfreboiseefsp, realsurfreboiseefsp, libelleautreindic, prevautreindic, realautreindic, observationindic, prestataireagec_id, prestataireplan_id, prestatairecible_id, agencepaiement_id, cp_id) VALUES (16, 'ANTEMOTRA', 1, 1, 0, NULL, NULL, '', NULL, NULL, 0, NULL, NULL, 0, NULL, NULL, '', NULL, NULL, 0, NULL, NULL, NULL, '', NULL, NULL, 0, 0, '', 0, 0, 0, 0, 0, '', 0, 0, '', 6, NULL, NULL, 2, 7);
INSERT INTO terroir (id, nom, dir_id, district_id, nbsa, dpengplan, drengplan, codemarcheplan, dpfinplan, drfinplan, montantreelplan, dpapprobpamo, drapprobpamo, montanttotalpamo, dpengcible, drengcible, codemarchecible, dpfincible, drfincible, montantreelcible, dvalidcom, dpengagec, drengagec, codemarcheagec, dpfinagec, drfinagec, montanttotalagec, montanttotalconfieagec, codemarchepaie, montantreelpaie, prevsurftraiteeces, realsurftraiteeces, prevsurfreboiseefsp, realsurfreboiseefsp, libelleautreindic, prevautreindic, realautreindic, observationindic, prestataireagec_id, prestataireplan_id, prestatairecible_id, agencepaiement_id, cp_id) VALUES (3, 'MANANITRA', 1, 1, 0, NULL, NULL, '', NULL, NULL, 0, NULL, NULL, 0, NULL, NULL, '', NULL, NULL, 0, NULL, NULL, NULL, '', NULL, NULL, 0, 0, '', 0, NULL, NULL, NULL, NULL, '', 0, 0, '', 2, 2, NULL, 6, 9);
INSERT INTO terroir (id, nom, dir_id, district_id, nbsa, dpengplan, drengplan, codemarcheplan, dpfinplan, drfinplan, montantreelplan, dpapprobpamo, drapprobpamo, montanttotalpamo, dpengcible, drengcible, codemarchecible, dpfincible, drfincible, montantreelcible, dvalidcom, dpengagec, drengagec, codemarcheagec, dpfinagec, drfinagec, montanttotalagec, montanttotalconfieagec, codemarchepaie, montantreelpaie, prevsurftraiteeces, realsurftraiteeces, prevsurfreboiseefsp, realsurfreboiseefsp, libelleautreindic, prevautreindic, realautreindic, observationindic, prestataireagec_id, prestataireplan_id, prestatairecible_id, agencepaiement_id, cp_id) VALUES (17, 'ANTANAMBAO', 1, 1, 0, NULL, NULL, '', NULL, NULL, 0, NULL, NULL, 0, NULL, NULL, '', NULL, NULL, 0, NULL, NULL, NULL, '', NULL, NULL, 0, 0, '', 0, 0, 0, 0, 0, '', 0, 0, '', 6, NULL, NULL, 2, 7);
INSERT INTO terroir (id, nom, dir_id, district_id, nbsa, dpengplan, drengplan, codemarcheplan, dpfinplan, drfinplan, montantreelplan, dpapprobpamo, drapprobpamo, montanttotalpamo, dpengcible, drengcible, codemarchecible, dpfincible, drfincible, montantreelcible, dvalidcom, dpengagec, drengagec, codemarcheagec, dpfinagec, drfinagec, montanttotalagec, montanttotalconfieagec, codemarchepaie, montantreelpaie, prevsurftraiteeces, realsurftraiteeces, prevsurfreboiseefsp, realsurfreboiseefsp, libelleautreindic, prevautreindic, realautreindic, observationindic, prestataireagec_id, prestataireplan_id, prestatairecible_id, agencepaiement_id, cp_id) VALUES (18, 'ANDOHAFARIHY', 1, 1, 0, NULL, NULL, '', NULL, NULL, 0, NULL, NULL, 0, NULL, NULL, '', NULL, NULL, 0, NULL, NULL, NULL, '', NULL, NULL, 0, 0, '', 0, 0, 0, 0, 0, '', 0, 0, '', 3, NULL, NULL, 2, 8);


--
-- TOC entry 2212 (class 0 OID 0)
-- Dependencies: 182
-- Name: terroir_id_seq; Type: SEQUENCE SET; Schema: public; Owner: postgres
--

SELECT pg_catalog.setval('terroir_id_seq', 21, true);


--
-- TOC entry 2158 (class 0 OID 18186)
-- Dependencies: 181
-- Data for Name: unite; Type: TABLE DATA; Schema: public; Owner: postgres
--

INSERT INTO unite (id, valeur) VALUES (1, '-');
INSERT INTO unite (id, valeur) VALUES (2, 'ha');


--
-- TOC entry 2213 (class 0 OID 0)
-- Dependencies: 180
-- Name: unite_id_seq; Type: SEQUENCE SET; Schema: public; Owner: postgres
--

SELECT pg_catalog.setval('unite_id_seq', 2, true);


--
-- TOC entry 2015 (class 2606 OID 18364)
-- Name: administration_pkey; Type: CONSTRAINT; Schema: public; Owner: postgres; Tablespace: 
--

ALTER TABLE ONLY administration
    ADD CONSTRAINT administration_pkey PRIMARY KEY (id);


--
-- TOC entry 2003 (class 2606 OID 18183)
-- Name: agencepaiement_pkey; Type: CONSTRAINT; Schema: public; Owner: postgres; Tablespace: 
--

ALTER TABLE ONLY agencepaiement
    ADD CONSTRAINT agencepaiement_pkey PRIMARY KEY (id);


--
-- TOC entry 2013 (class 2606 OID 18353)
-- Name: chargeprojet_pkey; Type: CONSTRAINT; Schema: public; Owner: postgres; Tablespace: 
--

ALTER TABLE ONLY chargeprojet
    ADD CONSTRAINT chargeprojet_pkey PRIMARY KEY (id);


--
-- TOC entry 2017 (class 2606 OID 18468)
-- Name: chargeprojetinscription_pkey; Type: CONSTRAINT; Schema: public; Owner: postgres; Tablespace: 
--

ALTER TABLE ONLY inscriptionchargeprojet
    ADD CONSTRAINT chargeprojetinscription_pkey PRIMARY KEY (id);


--
-- TOC entry 2021 (class 2606 OID 18564)
-- Name: ci_sessions_pkey; Type: CONSTRAINT; Schema: public; Owner: postgres; Tablespace: 
--

ALTER TABLE ONLY ci_sessions
    ADD CONSTRAINT ci_sessions_pkey PRIMARY KEY (id, ip_address);


--
-- TOC entry 1999 (class 2606 OID 18167)
-- Name: dir_pkey; Type: CONSTRAINT; Schema: public; Owner: postgres; Tablespace: 
--

ALTER TABLE ONLY dir
    ADD CONSTRAINT dir_pkey PRIMARY KEY (id);


--
-- TOC entry 1997 (class 2606 OID 18159)
-- Name: district_pkey; Type: CONSTRAINT; Schema: public; Owner: postgres; Tablespace: 
--

ALTER TABLE ONLY district
    ADD CONSTRAINT district_pkey PRIMARY KEY (id);


--
-- TOC entry 2009 (class 2606 OID 18249)
-- Name: groupetravail_pkey; Type: CONSTRAINT; Schema: public; Owner: postgres; Tablespace: 
--

ALTER TABLE ONLY groupetravail
    ADD CONSTRAINT groupetravail_pkey PRIMARY KEY (id);


--
-- TOC entry 2024 (class 2606 OID 18592)
-- Name: intervention_pkey; Type: CONSTRAINT; Schema: public; Owner: postgres; Tablespace: 
--

ALTER TABLE ONLY intervention
    ADD CONSTRAINT intervention_pkey PRIMARY KEY (id);


--
-- TOC entry 2019 (class 2606 OID 18518)
-- Name: intitule_pkey; Type: CONSTRAINT; Schema: public; Owner: postgres; Tablespace: 
--

ALTER TABLE ONLY intitule
    ADD CONSTRAINT intitule_pkey PRIMARY KEY (id);


--
-- TOC entry 2026 (class 2606 OID 18625)
-- Name: paiement_pkey; Type: CONSTRAINT; Schema: public; Owner: postgres; Tablespace: 
--

ALTER TABLE ONLY paiement
    ADD CONSTRAINT paiement_pkey PRIMARY KEY (id);


--
-- TOC entry 2011 (class 2606 OID 18292)
-- Name: phase_pkey; Type: CONSTRAINT; Schema: public; Owner: postgres; Tablespace: 
--

ALTER TABLE ONLY phase
    ADD CONSTRAINT phase_pkey PRIMARY KEY (id);


--
-- TOC entry 2001 (class 2606 OID 18175)
-- Name: prestataire_pkey; Type: CONSTRAINT; Schema: public; Owner: postgres; Tablespace: 
--

ALTER TABLE ONLY prestataire
    ADD CONSTRAINT prestataire_pkey PRIMARY KEY (id);


--
-- TOC entry 2007 (class 2606 OID 18202)
-- Name: terroir_pkey; Type: CONSTRAINT; Schema: public; Owner: postgres; Tablespace: 
--

ALTER TABLE ONLY terroir
    ADD CONSTRAINT terroir_pkey PRIMARY KEY (id);


--
-- TOC entry 2005 (class 2606 OID 18191)
-- Name: unite_pkey; Type: CONSTRAINT; Schema: public; Owner: postgres; Tablespace: 
--

ALTER TABLE ONLY unite
    ADD CONSTRAINT unite_pkey PRIMARY KEY (id);


--
-- TOC entry 2022 (class 1259 OID 18562)
-- Name: ci_sessions_timestamp; Type: INDEX; Schema: public; Owner: postgres; Tablespace: 
--

CREATE INDEX ci_sessions_timestamp ON ci_sessions USING btree ("timestamp");


--
-- TOC entry 2034 (class 2606 OID 18250)
-- Name: groupetravail_terroir_fkey; Type: FK CONSTRAINT; Schema: public; Owner: postgres
--

ALTER TABLE ONLY groupetravail
    ADD CONSTRAINT groupetravail_terroir_fkey FOREIGN KEY (terroir_id) REFERENCES terroir(id);


--
-- TOC entry 2035 (class 2606 OID 18593)
-- Name: intervention_groupetravail_fkey; Type: FK CONSTRAINT; Schema: public; Owner: postgres
--

ALTER TABLE ONLY intervention
    ADD CONSTRAINT intervention_groupetravail_fkey FOREIGN KEY (groupetravail_id) REFERENCES groupetravail(id);


--
-- TOC entry 2036 (class 2606 OID 18598)
-- Name: intervention_intitule_id_fkey; Type: FK CONSTRAINT; Schema: public; Owner: postgres
--

ALTER TABLE ONLY intervention
    ADD CONSTRAINT intervention_intitule_id_fkey FOREIGN KEY (intitule_id) REFERENCES intitule(id);


--
-- TOC entry 2037 (class 2606 OID 18608)
-- Name: intervention_phase_fkey; Type: FK CONSTRAINT; Schema: public; Owner: postgres
--

ALTER TABLE ONLY intervention
    ADD CONSTRAINT intervention_phase_fkey FOREIGN KEY (phase_id) REFERENCES phase(id);


--
-- TOC entry 2038 (class 2606 OID 18613)
-- Name: intervention_uniteautreindic_fkey; Type: FK CONSTRAINT; Schema: public; Owner: postgres
--

ALTER TABLE ONLY intervention
    ADD CONSTRAINT intervention_uniteautreindic_fkey FOREIGN KEY (uniteautreindic) REFERENCES unite(id);


--
-- TOC entry 2039 (class 2606 OID 18626)
-- Name: paiement_intervention_id_fkey; Type: FK CONSTRAINT; Schema: public; Owner: postgres
--

ALTER TABLE ONLY paiement
    ADD CONSTRAINT paiement_intervention_id_fkey FOREIGN KEY (intervention_id) REFERENCES intervention(id);


--
-- TOC entry 2032 (class 2606 OID 18228)
-- Name: terroir_agencepaiement_fkey; Type: FK CONSTRAINT; Schema: public; Owner: postgres
--

ALTER TABLE ONLY terroir
    ADD CONSTRAINT terroir_agencepaiement_fkey FOREIGN KEY (agencepaiement_id) REFERENCES agencepaiement(id);


--
-- TOC entry 2033 (class 2606 OID 18469)
-- Name: terroir_cp_id_fkey; Type: FK CONSTRAINT; Schema: public; Owner: postgres
--

ALTER TABLE ONLY terroir
    ADD CONSTRAINT terroir_cp_id_fkey FOREIGN KEY (cp_id) REFERENCES chargeprojet(id);


--
-- TOC entry 2027 (class 2606 OID 18203)
-- Name: terroir_dir_fkey; Type: FK CONSTRAINT; Schema: public; Owner: postgres
--

ALTER TABLE ONLY terroir
    ADD CONSTRAINT terroir_dir_fkey FOREIGN KEY (dir_id) REFERENCES dir(id);


--
-- TOC entry 2028 (class 2606 OID 18208)
-- Name: terroir_district_fkey; Type: FK CONSTRAINT; Schema: public; Owner: postgres
--

ALTER TABLE ONLY terroir
    ADD CONSTRAINT terroir_district_fkey FOREIGN KEY (district_id) REFERENCES district(id);


--
-- TOC entry 2029 (class 2606 OID 18213)
-- Name: terroir_prestataireagec_fkey; Type: FK CONSTRAINT; Schema: public; Owner: postgres
--

ALTER TABLE ONLY terroir
    ADD CONSTRAINT terroir_prestataireagec_fkey FOREIGN KEY (prestataireagec_id) REFERENCES prestataire(id);


--
-- TOC entry 2031 (class 2606 OID 18223)
-- Name: terroir_prestatairecible_fkey; Type: FK CONSTRAINT; Schema: public; Owner: postgres
--

ALTER TABLE ONLY terroir
    ADD CONSTRAINT terroir_prestatairecible_fkey FOREIGN KEY (prestatairecible_id) REFERENCES prestataire(id);


--
-- TOC entry 2030 (class 2606 OID 18218)
-- Name: terroir_prestataireplan_fkey; Type: FK CONSTRAINT; Schema: public; Owner: postgres
--

ALTER TABLE ONLY terroir
    ADD CONSTRAINT terroir_prestataireplan_fkey FOREIGN KEY (prestataireplan_id) REFERENCES prestataire(id);


--
-- TOC entry 2184 (class 0 OID 0)
-- Dependencies: 5
-- Name: public; Type: ACL; Schema: -; Owner: postgres
--

REVOKE ALL ON SCHEMA public FROM PUBLIC;
REVOKE ALL ON SCHEMA public FROM postgres;
GRANT ALL ON SCHEMA public TO postgres;
GRANT ALL ON SCHEMA public TO PUBLIC;


-- Completed on 2017-10-19 10:22:41

--
-- PostgreSQL database dump complete
--

